entityId,time_utc,availableBikeNumber
24367,2024-12-09 07:00:00+00:00,17.0
24367,2024-12-09 07:00:00+00:00,17.0
24367,2024-12-09 07:00:00+00:00,17.0
24367,2024-12-09 07:00:00+00:00,17.0
24367,2024-12-09 07:00:00+00:00,17.0
24367,2024-12-09 07:00:00+00:00,17.0
24367,2024-12-09 07:00:00+00:00,17.0
24367,2024-12-09 08:00:00+00:00,17.0
24367,2024-12-09 08:00:00+00:00,17.0
24368,2024-12-09 07:00:00+00:00,0.0
24368,2024-12-09 07:00:00+00:00,0.0
24368,2024-12-09 07:00:00+00:00,0.0
24368,2024-12-09 07:00:00+00:00,0.0
24368,2024-12-09 07:00:00+00:00,0.0
24368,2024-12-09 07:00:00+00:00,0.0
24368,2024-12-09 07:00:00+00:00,0.0
24368,2024-12-09 08:00:00+00:00,0.0
24368,2024-12-09 08:00:00+00:00,0.0
24369,2024-12-09 07:00:00+00:00,6.0
24369,2024-12-09 07:00:00+00:00,6.0
24369,2024-12-09 07:00:00+00:00,6.0
24369,2024-12-09 07:00:00+00:00,6.0
24369,2024-12-09 07:00:00+00:00,6.0
24369,2024-12-09 07:00:00+00:00,6.0
24369,2024-12-09 07:00:00+00:00,6.0
24369,2024-12-09 08:00:00+00:00,6.0
24369,2024-12-09 08:00:00+00:00,6.0
24370,2024-12-09 07:00:00+00:00,4.177777777777778
24370,2024-12-09 07:00:00+00:00,4.177777777777778
24370,2024-12-09 07:00:00+00:00,4.177777777777778
24370,2024-12-09 07:00:00+00:00,4.177777777777778
24370,2024-12-09 07:00:00+00:00,4.177777777777778
24370,2024-12-09 07:00:00+00:00,4.177777777777778
24370,2024-12-09 07:00:00+00:00,4.177777777777778
24370,2024-12-09 08:00:00+00:00,3.6
24370,2024-12-09 08:00:00+00:00,3.6
24371,2024-12-09 07:00:00+00:00,40.06666666666667
24371,2024-12-09 07:00:00+00:00,40.06666666666667
24371,2024-12-09 07:00:00+00:00,40.06666666666667
24371,2024-12-09 07:00:00+00:00,40.06666666666667
24371,2024-12-09 07:00:00+00:00,40.06666666666667
24371,2024-12-09 07:00:00+00:00,40.06666666666667
24371,2024-12-09 07:00:00+00:00,40.06666666666667
24371,2024-12-09 08:00:00+00:00,41.88333333333333
24371,2024-12-09 08:00:00+00:00,41.88333333333333
24372,2024-12-09 07:00:00+00:00,0.0
24372,2024-12-09 07:00:00+00:00,0.0
24372,2024-12-09 07:00:00+00:00,0.0
24372,2024-12-09 07:00:00+00:00,0.0
24372,2024-12-09 07:00:00+00:00,0.0
24372,2024-12-09 07:00:00+00:00,0.0
24372,2024-12-09 07:00:00+00:00,0.0
24372,2024-12-09 08:00:00+00:00,0.9833333333333332
24372,2024-12-09 08:00:00+00:00,0.9833333333333333
24373,2024-12-09 07:00:00+00:00,1.8666666666666667
24373,2024-12-09 07:00:00+00:00,1.8666666666666667
24373,2024-12-09 07:00:00+00:00,1.8666666666666667
24373,2024-12-09 07:00:00+00:00,1.8666666666666667
24373,2024-12-09 07:00:00+00:00,1.8666666666666667
24373,2024-12-09 07:00:00+00:00,1.8666666666666667
24373,2024-12-09 07:00:00+00:00,1.8666666666666667
24373,2024-12-09 08:00:00+00:00,2.466666666666667
24373,2024-12-09 08:00:00+00:00,2.466666666666667
24374,2024-12-09 07:00:00+00:00,13.555555555555555
24374,2024-12-09 07:00:00+00:00,13.555555555555555
24374,2024-12-09 07:00:00+00:00,13.555555555555555
24374,2024-12-09 07:00:00+00:00,13.555555555555555
24374,2024-12-09 07:00:00+00:00,13.555555555555555
24374,2024-12-09 07:00:00+00:00,13.555555555555555
24374,2024-12-09 07:00:00+00:00,13.555555555555555
24374,2024-12-09 08:00:00+00:00,14.0
24374,2024-12-09 08:00:00+00:00,14.0
24375,2024-12-09 07:00:00+00:00,29.0
24375,2024-12-09 07:00:00+00:00,29.0
24375,2024-12-09 07:00:00+00:00,29.0
24375,2024-12-09 07:00:00+00:00,29.0
24375,2024-12-09 07:00:00+00:00,29.0
24375,2024-12-09 07:00:00+00:00,29.0
24375,2024-12-09 07:00:00+00:00,29.0
24375,2024-12-09 08:00:00+00:00,29.0
24375,2024-12-09 08:00:00+00:00,29.0
24376,2024-12-09 07:00:00+00:00,0.0
24376,2024-12-09 07:00:00+00:00,0.0
24376,2024-12-09 07:00:00+00:00,0.0
24376,2024-12-09 07:00:00+00:00,0.0
24376,2024-12-09 07:00:00+00:00,0.0
24376,2024-12-09 07:00:00+00:00,0.0
24376,2024-12-09 07:00:00+00:00,0.0
24376,2024-12-09 08:00:00+00:00,0.0
24376,2024-12-09 08:00:00+00:00,0.0
24377,2024-12-09 07:00:00+00:00,0.0
24377,2024-12-09 07:00:00+00:00,0.0
24377,2024-12-09 07:00:00+00:00,0.0
24377,2024-12-09 07:00:00+00:00,0.0
24377,2024-12-09 07:00:00+00:00,0.0
24377,2024-12-09 07:00:00+00:00,0.0
24377,2024-12-09 07:00:00+00:00,0.0
24377,2024-12-09 08:00:00+00:00,0.0
24377,2024-12-09 08:00:00+00:00,0.0
24378,2024-12-09 07:00:00+00:00,4.0
24378,2024-12-09 07:00:00+00:00,4.0
24378,2024-12-09 07:00:00+00:00,4.0
24378,2024-12-09 07:00:00+00:00,4.0
24378,2024-12-09 07:00:00+00:00,4.0
24378,2024-12-09 07:00:00+00:00,4.0
24378,2024-12-09 07:00:00+00:00,4.0
24378,2024-12-09 08:00:00+00:00,3.7666666666666666
24378,2024-12-09 08:00:00+00:00,3.7666666666666666
24379,2024-12-09 07:00:00+00:00,0.0
24379,2024-12-09 07:00:00+00:00,0.0
24379,2024-12-09 07:00:00+00:00,0.0
24379,2024-12-09 07:00:00+00:00,0.0
24379,2024-12-09 07:00:00+00:00,0.0
24379,2024-12-09 07:00:00+00:00,0.0
24379,2024-12-09 07:00:00+00:00,0.0
24379,2024-12-09 08:00:00+00:00,0.0
24379,2024-12-09 08:00:00+00:00,0.0
24380,2024-12-09 07:00:00+00:00,5.0
24380,2024-12-09 07:00:00+00:00,5.0
24380,2024-12-09 07:00:00+00:00,5.0
24380,2024-12-09 07:00:00+00:00,5.0
24380,2024-12-09 07:00:00+00:00,5.0
24380,2024-12-09 07:00:00+00:00,5.0
24380,2024-12-09 07:00:00+00:00,5.0
24380,2024-12-09 08:00:00+00:00,3.4833333333333334
24380,2024-12-09 08:00:00+00:00,3.4833333333333334
24381,2024-12-09 07:00:00+00:00,0.0
24381,2024-12-09 07:00:00+00:00,0.0
24381,2024-12-09 07:00:00+00:00,0.0
24381,2024-12-09 07:00:00+00:00,0.0
24381,2024-12-09 07:00:00+00:00,0.0
24381,2024-12-09 07:00:00+00:00,0.0
24381,2024-12-09 07:00:00+00:00,0.0
24381,2024-12-09 08:00:00+00:00,0.0
24381,2024-12-09 08:00:00+00:00,0.0
24383,2024-12-09 07:00:00+00:00,2.8222222222222224
24383,2024-12-09 07:00:00+00:00,2.8222222222222224
24383,2024-12-09 07:00:00+00:00,2.8222222222222224
24383,2024-12-09 07:00:00+00:00,2.8222222222222224
24383,2024-12-09 07:00:00+00:00,2.8222222222222224
24383,2024-12-09 07:00:00+00:00,2.8222222222222224
24383,2024-12-09 07:00:00+00:00,2.8222222222222224
24383,2024-12-09 08:00:00+00:00,4.75
24383,2024-12-09 08:00:00+00:00,4.75
24384,2024-12-09 07:00:00+00:00,1.4444444444444444
24384,2024-12-09 07:00:00+00:00,1.4444444444444444
24384,2024-12-09 07:00:00+00:00,1.4444444444444444
24384,2024-12-09 07:00:00+00:00,1.4444444444444444
24384,2024-12-09 07:00:00+00:00,1.4444444444444444
24384,2024-12-09 07:00:00+00:00,1.4444444444444444
24384,2024-12-09 07:00:00+00:00,1.4444444444444444
24384,2024-12-09 08:00:00+00:00,2.2
24384,2024-12-09 08:00:00+00:00,2.2
24385,2024-12-09 07:00:00+00:00,2.7555555555555555
24385,2024-12-09 07:00:00+00:00,2.7555555555555555
24385,2024-12-09 07:00:00+00:00,2.7555555555555555
24385,2024-12-09 07:00:00+00:00,2.7555555555555555
24385,2024-12-09 07:00:00+00:00,2.7555555555555555
24385,2024-12-09 07:00:00+00:00,2.7555555555555555
24385,2024-12-09 07:00:00+00:00,2.7555555555555555
24385,2024-12-09 08:00:00+00:00,2.15
24385,2024-12-09 08:00:00+00:00,2.15
24386,2024-12-09 07:00:00+00:00,4.0
24386,2024-12-09 07:00:00+00:00,4.0
24386,2024-12-09 07:00:00+00:00,4.0
24386,2024-12-09 07:00:00+00:00,4.0
24386,2024-12-09 07:00:00+00:00,4.0
24386,2024-12-09 07:00:00+00:00,4.0
24386,2024-12-09 07:00:00+00:00,4.0
24386,2024-12-09 08:00:00+00:00,4.0
24386,2024-12-09 08:00:00+00:00,4.0
24387,2024-12-09 07:00:00+00:00,9.0
24387,2024-12-09 07:00:00+00:00,9.0
24387,2024-12-09 07:00:00+00:00,9.0
24387,2024-12-09 07:00:00+00:00,9.0
24387,2024-12-09 07:00:00+00:00,9.0
24387,2024-12-09 07:00:00+00:00,9.0
24387,2024-12-09 07:00:00+00:00,9.0
24387,2024-12-09 08:00:00+00:00,9.0
24387,2024-12-09 08:00:00+00:00,9.0
24388,2024-12-09 07:00:00+00:00,5.0
24388,2024-12-09 07:00:00+00:00,5.0
24388,2024-12-09 07:00:00+00:00,5.0
24388,2024-12-09 07:00:00+00:00,5.0
24388,2024-12-09 07:00:00+00:00,5.0
24388,2024-12-09 07:00:00+00:00,5.0
24388,2024-12-09 07:00:00+00:00,5.0
24388,2024-12-09 08:00:00+00:00,5.0
24388,2024-12-09 08:00:00+00:00,5.0
24389,2024-12-09 07:00:00+00:00,1.5777777777777775
24389,2024-12-09 07:00:00+00:00,1.5777777777777775
24389,2024-12-09 07:00:00+00:00,1.5777777777777775
24389,2024-12-09 07:00:00+00:00,1.5777777777777775
24389,2024-12-09 07:00:00+00:00,1.5777777777777775
24389,2024-12-09 07:00:00+00:00,1.5777777777777775
24389,2024-12-09 07:00:00+00:00,1.5777777777777777
24389,2024-12-09 08:00:00+00:00,0.2166666666666666
24389,2024-12-09 08:00:00+00:00,0.21666666666666667
24390,2024-12-09 07:00:00+00:00,0.0
24390,2024-12-09 07:00:00+00:00,0.0
24390,2024-12-09 07:00:00+00:00,0.0
24390,2024-12-09 07:00:00+00:00,0.0
24390,2024-12-09 07:00:00+00:00,0.0
24390,2024-12-09 07:00:00+00:00,0.0
24390,2024-12-09 07:00:00+00:00,0.0
24390,2024-12-09 08:00:00+00:00,0.0
24390,2024-12-09 08:00:00+00:00,0.0
24391,2024-12-09 07:00:00+00:00,0.2444444444444444
24391,2024-12-09 07:00:00+00:00,0.2444444444444444
24391,2024-12-09 07:00:00+00:00,0.2444444444444444
24391,2024-12-09 07:00:00+00:00,0.2444444444444444
24391,2024-12-09 07:00:00+00:00,0.2444444444444444
24391,2024-12-09 07:00:00+00:00,0.2444444444444444
24391,2024-12-09 07:00:00+00:00,0.24444444444444444
24391,2024-12-09 08:00:00+00:00,0.6
24391,2024-12-09 08:00:00+00:00,0.6
24392,2024-12-09 07:00:00+00:00,0.9777777777777776
24392,2024-12-09 07:00:00+00:00,0.9777777777777776
24392,2024-12-09 07:00:00+00:00,0.9777777777777776
24392,2024-12-09 07:00:00+00:00,0.9777777777777776
24392,2024-12-09 07:00:00+00:00,0.9777777777777776
24392,2024-12-09 07:00:00+00:00,0.9777777777777776
24392,2024-12-09 07:00:00+00:00,0.9777777777777777
24392,2024-12-09 08:00:00+00:00,2.0
24392,2024-12-09 08:00:00+00:00,2.0
24393,2024-12-09 07:00:00+00:00,2.0
24393,2024-12-09 07:00:00+00:00,2.0
24393,2024-12-09 07:00:00+00:00,2.0
24393,2024-12-09 07:00:00+00:00,2.0
24393,2024-12-09 07:00:00+00:00,2.0
24393,2024-12-09 07:00:00+00:00,2.0
24393,2024-12-09 07:00:00+00:00,2.0
24393,2024-12-09 08:00:00+00:00,1.9
24393,2024-12-09 08:00:00+00:00,1.9
24394,2024-12-09 07:00:00+00:00,3.0
24394,2024-12-09 07:00:00+00:00,3.0
24394,2024-12-09 07:00:00+00:00,3.0
24394,2024-12-09 07:00:00+00:00,3.0
24394,2024-12-09 07:00:00+00:00,3.0
24394,2024-12-09 07:00:00+00:00,3.0
24394,2024-12-09 07:00:00+00:00,3.0
24394,2024-12-09 08:00:00+00:00,3.0
24394,2024-12-09 08:00:00+00:00,3.0
24395,2024-12-09 07:00:00+00:00,9.0
24395,2024-12-09 07:00:00+00:00,9.0
24395,2024-12-09 07:00:00+00:00,9.0
24395,2024-12-09 07:00:00+00:00,9.0
24395,2024-12-09 07:00:00+00:00,9.0
24395,2024-12-09 07:00:00+00:00,9.0
24395,2024-12-09 07:00:00+00:00,9.0
24395,2024-12-09 08:00:00+00:00,9.0
24395,2024-12-09 08:00:00+00:00,9.0
24396,2024-12-09 07:00:00+00:00,3.466666666666667
24396,2024-12-09 07:00:00+00:00,3.466666666666667
24396,2024-12-09 07:00:00+00:00,3.466666666666667
24396,2024-12-09 07:00:00+00:00,3.466666666666667
24396,2024-12-09 07:00:00+00:00,3.466666666666667
24396,2024-12-09 07:00:00+00:00,3.466666666666667
24396,2024-12-09 07:00:00+00:00,3.466666666666667
24396,2024-12-09 08:00:00+00:00,5.1
24396,2024-12-09 08:00:00+00:00,5.1
24397,2024-12-09 07:00:00+00:00,0.0
24397,2024-12-09 07:00:00+00:00,0.0
24397,2024-12-09 07:00:00+00:00,0.0
24397,2024-12-09 07:00:00+00:00,0.0
24397,2024-12-09 07:00:00+00:00,0.0
24397,2024-12-09 07:00:00+00:00,0.0
24397,2024-12-09 07:00:00+00:00,0.0
24397,2024-12-09 08:00:00+00:00,0.7333333333333333
24397,2024-12-09 08:00:00+00:00,0.7333333333333333
24398,2024-12-09 07:00:00+00:00,3.0
24398,2024-12-09 07:00:00+00:00,3.0
24398,2024-12-09 07:00:00+00:00,3.0
24398,2024-12-09 07:00:00+00:00,3.0
24398,2024-12-09 07:00:00+00:00,3.0
24398,2024-12-09 07:00:00+00:00,3.0
24398,2024-12-09 07:00:00+00:00,3.0
24398,2024-12-09 08:00:00+00:00,3.0
24398,2024-12-09 08:00:00+00:00,3.0
24399,2024-12-09 07:00:00+00:00,3.0444444444444443
24399,2024-12-09 07:00:00+00:00,3.0444444444444443
24399,2024-12-09 07:00:00+00:00,3.0444444444444443
24399,2024-12-09 07:00:00+00:00,3.0444444444444443
24399,2024-12-09 07:00:00+00:00,3.0444444444444443
24399,2024-12-09 07:00:00+00:00,3.0444444444444443
24399,2024-12-09 07:00:00+00:00,3.0444444444444443
24399,2024-12-09 08:00:00+00:00,1.0
24399,2024-12-09 08:00:00+00:00,1.0
24400,2024-12-09 07:00:00+00:00,7.0
24400,2024-12-09 07:00:00+00:00,7.0
24400,2024-12-09 07:00:00+00:00,7.0
24400,2024-12-09 07:00:00+00:00,7.0
24400,2024-12-09 07:00:00+00:00,7.0
24400,2024-12-09 07:00:00+00:00,7.0
24400,2024-12-09 07:00:00+00:00,7.0
24400,2024-12-09 08:00:00+00:00,7.0
24400,2024-12-09 08:00:00+00:00,7.0
24401,2024-12-09 07:00:00+00:00,18.0
24401,2024-12-09 07:00:00+00:00,18.0
24401,2024-12-09 07:00:00+00:00,18.0
24401,2024-12-09 07:00:00+00:00,18.0
24401,2024-12-09 07:00:00+00:00,18.0
24401,2024-12-09 07:00:00+00:00,18.0
24401,2024-12-09 07:00:00+00:00,18.0
24401,2024-12-09 08:00:00+00:00,18.0
24401,2024-12-09 08:00:00+00:00,18.0
24402,2024-12-09 07:00:00+00:00,8.0
24402,2024-12-09 07:00:00+00:00,8.0
24402,2024-12-09 07:00:00+00:00,8.0
24402,2024-12-09 07:00:00+00:00,8.0
24402,2024-12-09 07:00:00+00:00,8.0
24402,2024-12-09 07:00:00+00:00,8.0
24402,2024-12-09 07:00:00+00:00,8.0
24402,2024-12-09 08:00:00+00:00,8.0
24402,2024-12-09 08:00:00+00:00,8.0
24403,2024-12-09 07:00:00+00:00,7.0
24403,2024-12-09 07:00:00+00:00,7.0
24403,2024-12-09 07:00:00+00:00,7.0
24403,2024-12-09 07:00:00+00:00,7.0
24403,2024-12-09 07:00:00+00:00,7.0
24403,2024-12-09 07:00:00+00:00,7.0
24403,2024-12-09 07:00:00+00:00,7.0
24403,2024-12-09 08:00:00+00:00,7.0
24403,2024-12-09 08:00:00+00:00,7.0
24404,2024-12-09 07:00:00+00:00,1.0
24404,2024-12-09 07:00:00+00:00,1.0
24404,2024-12-09 07:00:00+00:00,1.0
24404,2024-12-09 07:00:00+00:00,1.0
24404,2024-12-09 07:00:00+00:00,1.0
24404,2024-12-09 07:00:00+00:00,1.0
24404,2024-12-09 07:00:00+00:00,1.0
24404,2024-12-09 08:00:00+00:00,1.0
24404,2024-12-09 08:00:00+00:00,1.0
24405,2024-12-09 07:00:00+00:00,3.0
24405,2024-12-09 07:00:00+00:00,3.0
24405,2024-12-09 07:00:00+00:00,3.0
24405,2024-12-09 07:00:00+00:00,3.0
24405,2024-12-09 07:00:00+00:00,3.0
24405,2024-12-09 07:00:00+00:00,3.0
24405,2024-12-09 07:00:00+00:00,3.0
24405,2024-12-09 08:00:00+00:00,3.0
24405,2024-12-09 08:00:00+00:00,3.0
24406,2024-12-09 07:00:00+00:00,3.0
24406,2024-12-09 07:00:00+00:00,3.0
24406,2024-12-09 07:00:00+00:00,3.0
24406,2024-12-09 07:00:00+00:00,3.0
24406,2024-12-09 07:00:00+00:00,3.0
24406,2024-12-09 07:00:00+00:00,3.0
24406,2024-12-09 07:00:00+00:00,3.0
24406,2024-12-09 08:00:00+00:00,3.0
24406,2024-12-09 08:00:00+00:00,3.0
24407,2024-12-09 07:00:00+00:00,0.0
24407,2024-12-09 07:00:00+00:00,0.0
24407,2024-12-09 07:00:00+00:00,0.0
24407,2024-12-09 07:00:00+00:00,0.0
24407,2024-12-09 07:00:00+00:00,0.0
24407,2024-12-09 07:00:00+00:00,0.0
24407,2024-12-09 07:00:00+00:00,0.0
24407,2024-12-09 08:00:00+00:00,0.0
24407,2024-12-09 08:00:00+00:00,0.0
24408,2024-12-09 07:00:00+00:00,11.444444444444445
24408,2024-12-09 07:00:00+00:00,11.444444444444445
24408,2024-12-09 07:00:00+00:00,11.444444444444445
24408,2024-12-09 07:00:00+00:00,11.444444444444445
24408,2024-12-09 07:00:00+00:00,11.444444444444445
24408,2024-12-09 07:00:00+00:00,11.444444444444445
24408,2024-12-09 07:00:00+00:00,11.444444444444445
24408,2024-12-09 08:00:00+00:00,12.0
24408,2024-12-09 08:00:00+00:00,12.0
24409,2024-12-09 07:00:00+00:00,5.0
24409,2024-12-09 07:00:00+00:00,5.0
24409,2024-12-09 07:00:00+00:00,5.0
24409,2024-12-09 07:00:00+00:00,5.0
24409,2024-12-09 07:00:00+00:00,5.0
24409,2024-12-09 07:00:00+00:00,5.0
24409,2024-12-09 07:00:00+00:00,5.0
24409,2024-12-09 08:00:00+00:00,5.0
24409,2024-12-09 08:00:00+00:00,5.0
24410,2024-12-09 07:00:00+00:00,3.0
24410,2024-12-09 07:00:00+00:00,3.0
24410,2024-12-09 07:00:00+00:00,3.0
24410,2024-12-09 07:00:00+00:00,3.0
24410,2024-12-09 07:00:00+00:00,3.0
24410,2024-12-09 07:00:00+00:00,3.0
24410,2024-12-09 07:00:00+00:00,3.0
24410,2024-12-09 08:00:00+00:00,3.0
24410,2024-12-09 08:00:00+00:00,3.0
24411,2024-12-09 07:00:00+00:00,12.0
24411,2024-12-09 07:00:00+00:00,12.0
24411,2024-12-09 07:00:00+00:00,12.0
24411,2024-12-09 07:00:00+00:00,12.0
24411,2024-12-09 07:00:00+00:00,12.0
24411,2024-12-09 07:00:00+00:00,12.0
24411,2024-12-09 07:00:00+00:00,12.0
24411,2024-12-09 08:00:00+00:00,12.0
24411,2024-12-09 08:00:00+00:00,12.0
24412,2024-12-09 07:00:00+00:00,10.0
24412,2024-12-09 07:00:00+00:00,10.0
24412,2024-12-09 07:00:00+00:00,10.0
24412,2024-12-09 07:00:00+00:00,10.0
24412,2024-12-09 07:00:00+00:00,10.0
24412,2024-12-09 07:00:00+00:00,10.0
24412,2024-12-09 07:00:00+00:00,10.0
24412,2024-12-09 08:00:00+00:00,10.0
24412,2024-12-09 08:00:00+00:00,10.0
24413,2024-12-09 07:00:00+00:00,1.6666666666666667
24413,2024-12-09 07:00:00+00:00,1.6666666666666667
24413,2024-12-09 07:00:00+00:00,1.6666666666666667
24413,2024-12-09 07:00:00+00:00,1.6666666666666667
24413,2024-12-09 07:00:00+00:00,1.6666666666666667
24413,2024-12-09 07:00:00+00:00,1.6666666666666667
24413,2024-12-09 07:00:00+00:00,1.6666666666666667
24413,2024-12-09 08:00:00+00:00,0.9166666666666666
24413,2024-12-09 08:00:00+00:00,0.9166666666666666
24414,2024-12-09 07:00:00+00:00,8.0
24414,2024-12-09 07:00:00+00:00,8.0
24414,2024-12-09 07:00:00+00:00,8.0
24414,2024-12-09 07:00:00+00:00,8.0
24414,2024-12-09 07:00:00+00:00,8.0
24414,2024-12-09 07:00:00+00:00,8.0
24414,2024-12-09 07:00:00+00:00,8.0
24414,2024-12-09 08:00:00+00:00,8.0
24414,2024-12-09 08:00:00+00:00,8.0
24415,2024-12-09 07:00:00+00:00,3.0
24415,2024-12-09 07:00:00+00:00,3.0
24415,2024-12-09 07:00:00+00:00,3.0
24415,2024-12-09 07:00:00+00:00,3.0
24415,2024-12-09 07:00:00+00:00,3.0
24415,2024-12-09 07:00:00+00:00,3.0
24415,2024-12-09 07:00:00+00:00,3.0
24415,2024-12-09 08:00:00+00:00,3.0
24415,2024-12-09 08:00:00+00:00,3.0
24416,2024-12-09 07:00:00+00:00,8.0
24416,2024-12-09 07:00:00+00:00,8.0
24416,2024-12-09 07:00:00+00:00,8.0
24416,2024-12-09 07:00:00+00:00,8.0
24416,2024-12-09 07:00:00+00:00,8.0
24416,2024-12-09 07:00:00+00:00,8.0
24416,2024-12-09 07:00:00+00:00,8.0
24416,2024-12-09 08:00:00+00:00,7.383333333333333
24416,2024-12-09 08:00:00+00:00,7.383333333333333
24417,2024-12-09 07:00:00+00:00,2.422222222222222
24417,2024-12-09 07:00:00+00:00,2.422222222222222
24417,2024-12-09 07:00:00+00:00,2.422222222222222
24417,2024-12-09 07:00:00+00:00,2.422222222222222
24417,2024-12-09 07:00:00+00:00,2.422222222222222
24417,2024-12-09 07:00:00+00:00,2.422222222222222
24417,2024-12-09 07:00:00+00:00,2.422222222222222
24417,2024-12-09 08:00:00+00:00,1.0
24417,2024-12-09 08:00:00+00:00,1.0
24418,2024-12-09 07:00:00+00:00,4.0
24418,2024-12-09 07:00:00+00:00,4.0
24418,2024-12-09 07:00:00+00:00,4.0
24418,2024-12-09 07:00:00+00:00,4.0
24418,2024-12-09 07:00:00+00:00,4.0
24418,2024-12-09 07:00:00+00:00,4.0
24418,2024-12-09 07:00:00+00:00,4.0
24418,2024-12-09 08:00:00+00:00,4.0
24418,2024-12-09 08:00:00+00:00,4.0
24419,2024-12-09 07:00:00+00:00,0.0
24419,2024-12-09 07:00:00+00:00,0.0
24419,2024-12-09 07:00:00+00:00,0.0
24419,2024-12-09 07:00:00+00:00,0.0
24419,2024-12-09 07:00:00+00:00,0.0
24419,2024-12-09 07:00:00+00:00,0.0
24419,2024-12-09 07:00:00+00:00,0.0
24419,2024-12-09 08:00:00+00:00,0.0
24419,2024-12-09 08:00:00+00:00,0.0
24420,2024-12-09 07:00:00+00:00,3.0
24420,2024-12-09 07:00:00+00:00,3.0
24420,2024-12-09 07:00:00+00:00,3.0
24420,2024-12-09 07:00:00+00:00,3.0
24420,2024-12-09 07:00:00+00:00,3.0
24420,2024-12-09 07:00:00+00:00,3.0
24420,2024-12-09 07:00:00+00:00,3.0
24420,2024-12-09 08:00:00+00:00,3.0
24420,2024-12-09 08:00:00+00:00,3.0
24421,2024-12-09 07:00:00+00:00,1.0
24421,2024-12-09 07:00:00+00:00,1.0
24421,2024-12-09 07:00:00+00:00,1.0
24421,2024-12-09 07:00:00+00:00,1.0
24421,2024-12-09 07:00:00+00:00,1.0
24421,2024-12-09 07:00:00+00:00,1.0
24421,2024-12-09 07:00:00+00:00,1.0
24421,2024-12-09 08:00:00+00:00,0.5333333333333333
24421,2024-12-09 08:00:00+00:00,0.5333333333333333
24422,2024-12-09 07:00:00+00:00,24.0
24422,2024-12-09 07:00:00+00:00,24.0
24422,2024-12-09 07:00:00+00:00,24.0
24422,2024-12-09 07:00:00+00:00,24.0
24422,2024-12-09 07:00:00+00:00,24.0
24422,2024-12-09 07:00:00+00:00,24.0
24422,2024-12-09 07:00:00+00:00,24.0
24422,2024-12-09 08:00:00+00:00,24.0
24422,2024-12-09 08:00:00+00:00,24.0
24423,2024-12-09 07:00:00+00:00,2.0
24423,2024-12-09 07:00:00+00:00,2.0
24423,2024-12-09 07:00:00+00:00,2.0
24423,2024-12-09 07:00:00+00:00,2.0
24423,2024-12-09 07:00:00+00:00,2.0
24423,2024-12-09 07:00:00+00:00,2.0
24423,2024-12-09 07:00:00+00:00,2.0
24423,2024-12-09 08:00:00+00:00,2.316666666666667
24423,2024-12-09 08:00:00+00:00,2.316666666666667
24424,2024-12-09 07:00:00+00:00,0.0
24424,2024-12-09 07:00:00+00:00,0.0
24424,2024-12-09 07:00:00+00:00,0.0
24424,2024-12-09 07:00:00+00:00,0.0
24424,2024-12-09 07:00:00+00:00,0.0
24424,2024-12-09 07:00:00+00:00,0.0
24424,2024-12-09 07:00:00+00:00,0.0
24424,2024-12-09 08:00:00+00:00,0.0
24424,2024-12-09 08:00:00+00:00,0.0
24425,2024-12-09 07:00:00+00:00,7.0
24425,2024-12-09 07:00:00+00:00,7.0
24425,2024-12-09 07:00:00+00:00,7.0
24425,2024-12-09 07:00:00+00:00,7.0
24425,2024-12-09 07:00:00+00:00,7.0
24425,2024-12-09 07:00:00+00:00,7.0
24425,2024-12-09 07:00:00+00:00,7.0
24425,2024-12-09 08:00:00+00:00,7.0
24425,2024-12-09 08:00:00+00:00,7.0
24426,2024-12-09 07:00:00+00:00,5.0
24426,2024-12-09 07:00:00+00:00,5.0
24426,2024-12-09 07:00:00+00:00,5.0
24426,2024-12-09 07:00:00+00:00,5.0
24426,2024-12-09 07:00:00+00:00,5.0
24426,2024-12-09 07:00:00+00:00,5.0
24426,2024-12-09 07:00:00+00:00,5.0
24426,2024-12-09 08:00:00+00:00,5.0
24426,2024-12-09 08:00:00+00:00,5.0
24427,2024-12-09 07:00:00+00:00,2.2888888888888888
24427,2024-12-09 07:00:00+00:00,2.2888888888888888
24427,2024-12-09 07:00:00+00:00,2.2888888888888888
24427,2024-12-09 07:00:00+00:00,2.2888888888888888
24427,2024-12-09 07:00:00+00:00,2.2888888888888888
24427,2024-12-09 07:00:00+00:00,2.2888888888888888
24427,2024-12-09 07:00:00+00:00,2.2888888888888888
24427,2024-12-09 08:00:00+00:00,2.0
24427,2024-12-09 08:00:00+00:00,2.0
24428,2024-12-09 07:00:00+00:00,0.0
24428,2024-12-09 07:00:00+00:00,0.0
24428,2024-12-09 07:00:00+00:00,0.0
24428,2024-12-09 07:00:00+00:00,0.0
24428,2024-12-09 07:00:00+00:00,0.0
24428,2024-12-09 07:00:00+00:00,0.0
24428,2024-12-09 07:00:00+00:00,0.0
24428,2024-12-09 08:00:00+00:00,0.9333333333333332
24428,2024-12-09 08:00:00+00:00,0.9333333333333333
24429,2024-12-09 07:00:00+00:00,1.0
24429,2024-12-09 07:00:00+00:00,1.0
24429,2024-12-09 07:00:00+00:00,1.0
24429,2024-12-09 07:00:00+00:00,1.0
24429,2024-12-09 07:00:00+00:00,1.0
24429,2024-12-09 07:00:00+00:00,1.0
24429,2024-12-09 07:00:00+00:00,1.0
24429,2024-12-09 08:00:00+00:00,1.0
24429,2024-12-09 08:00:00+00:00,1.0
24430,2024-12-09 07:00:00+00:00,3.555555555555556
24430,2024-12-09 07:00:00+00:00,3.555555555555556
24430,2024-12-09 07:00:00+00:00,3.555555555555556
24430,2024-12-09 07:00:00+00:00,3.555555555555556
24430,2024-12-09 07:00:00+00:00,3.555555555555556
24430,2024-12-09 07:00:00+00:00,3.555555555555556
24430,2024-12-09 07:00:00+00:00,3.555555555555556
24430,2024-12-09 08:00:00+00:00,3.8666666666666663
24430,2024-12-09 08:00:00+00:00,3.8666666666666667
24431,2024-12-09 07:00:00+00:00,5.0
24431,2024-12-09 07:00:00+00:00,5.0
24431,2024-12-09 07:00:00+00:00,5.0
24431,2024-12-09 07:00:00+00:00,5.0
24431,2024-12-09 07:00:00+00:00,5.0
24431,2024-12-09 07:00:00+00:00,5.0
24431,2024-12-09 07:00:00+00:00,5.0
24431,2024-12-09 08:00:00+00:00,5.0
24431,2024-12-09 08:00:00+00:00,5.0
24432,2024-12-09 07:00:00+00:00,3.0
24432,2024-12-09 07:00:00+00:00,3.0
24432,2024-12-09 07:00:00+00:00,3.0
24432,2024-12-09 07:00:00+00:00,3.0
24432,2024-12-09 07:00:00+00:00,3.0
24432,2024-12-09 07:00:00+00:00,3.0
24432,2024-12-09 07:00:00+00:00,3.0
24432,2024-12-09 08:00:00+00:00,3.0
24432,2024-12-09 08:00:00+00:00,3.0
24433,2024-12-09 07:00:00+00:00,0.0
24433,2024-12-09 07:00:00+00:00,0.0
24433,2024-12-09 07:00:00+00:00,0.0
24433,2024-12-09 07:00:00+00:00,0.0
24433,2024-12-09 07:00:00+00:00,0.0
24433,2024-12-09 07:00:00+00:00,0.0
24433,2024-12-09 07:00:00+00:00,0.0
24433,2024-12-09 08:00:00+00:00,0.0
24433,2024-12-09 08:00:00+00:00,0.0
24434,2024-12-09 07:00:00+00:00,11.0
24434,2024-12-09 07:00:00+00:00,11.0
24434,2024-12-09 07:00:00+00:00,11.0
24434,2024-12-09 07:00:00+00:00,11.0
24434,2024-12-09 07:00:00+00:00,11.0
24434,2024-12-09 07:00:00+00:00,11.0
24434,2024-12-09 07:00:00+00:00,11.0
24434,2024-12-09 08:00:00+00:00,11.0
24434,2024-12-09 08:00:00+00:00,11.0
24435,2024-12-09 07:00:00+00:00,0.8888888888888888
24435,2024-12-09 07:00:00+00:00,0.8888888888888888
24435,2024-12-09 07:00:00+00:00,0.8888888888888888
24435,2024-12-09 07:00:00+00:00,0.8888888888888888
24435,2024-12-09 07:00:00+00:00,0.8888888888888888
24435,2024-12-09 07:00:00+00:00,0.8888888888888888
24435,2024-12-09 07:00:00+00:00,0.8888888888888888
24435,2024-12-09 08:00:00+00:00,1.0
24435,2024-12-09 08:00:00+00:00,1.0
24436,2024-12-09 07:00:00+00:00,5.711111111111111
24436,2024-12-09 07:00:00+00:00,5.711111111111111
24436,2024-12-09 07:00:00+00:00,5.711111111111111
24436,2024-12-09 07:00:00+00:00,5.711111111111111
24436,2024-12-09 07:00:00+00:00,5.711111111111111
24436,2024-12-09 07:00:00+00:00,5.711111111111111
24436,2024-12-09 07:00:00+00:00,5.711111111111111
24436,2024-12-09 08:00:00+00:00,6.383333333333333
24436,2024-12-09 08:00:00+00:00,6.383333333333333
24437,2024-12-09 07:00:00+00:00,2.0
24437,2024-12-09 07:00:00+00:00,2.0
24437,2024-12-09 07:00:00+00:00,2.0
24437,2024-12-09 07:00:00+00:00,2.0
24437,2024-12-09 07:00:00+00:00,2.0
24437,2024-12-09 07:00:00+00:00,2.0
24437,2024-12-09 07:00:00+00:00,2.0
24437,2024-12-09 08:00:00+00:00,2.0
24437,2024-12-09 08:00:00+00:00,2.0
24438,2024-12-09 07:00:00+00:00,1.0
24438,2024-12-09 07:00:00+00:00,1.0
24438,2024-12-09 07:00:00+00:00,1.0
24438,2024-12-09 07:00:00+00:00,1.0
24438,2024-12-09 07:00:00+00:00,1.0
24438,2024-12-09 07:00:00+00:00,1.0
24438,2024-12-09 07:00:00+00:00,1.0
24438,2024-12-09 08:00:00+00:00,1.0
24438,2024-12-09 08:00:00+00:00,1.0
24439,2024-12-09 07:00:00+00:00,1.0
24439,2024-12-09 07:00:00+00:00,1.0
24439,2024-12-09 07:00:00+00:00,1.0
24439,2024-12-09 07:00:00+00:00,1.0
24439,2024-12-09 07:00:00+00:00,1.0
24439,2024-12-09 07:00:00+00:00,1.0
24439,2024-12-09 07:00:00+00:00,1.0
24439,2024-12-09 08:00:00+00:00,1.0
24439,2024-12-09 08:00:00+00:00,1.0
24440,2024-12-09 07:00:00+00:00,1.0
24440,2024-12-09 07:00:00+00:00,1.0
24440,2024-12-09 07:00:00+00:00,1.0
24440,2024-12-09 07:00:00+00:00,1.0
24440,2024-12-09 07:00:00+00:00,1.0
24440,2024-12-09 07:00:00+00:00,1.0
24440,2024-12-09 07:00:00+00:00,1.0
24440,2024-12-09 08:00:00+00:00,1.0
24440,2024-12-09 08:00:00+00:00,1.0
24441,2024-12-09 07:00:00+00:00,1.0
24441,2024-12-09 07:00:00+00:00,1.0
24441,2024-12-09 07:00:00+00:00,1.0
24441,2024-12-09 07:00:00+00:00,1.0
24441,2024-12-09 07:00:00+00:00,1.0
24441,2024-12-09 07:00:00+00:00,1.0
24441,2024-12-09 07:00:00+00:00,1.0
24441,2024-12-09 08:00:00+00:00,1.0
24441,2024-12-09 08:00:00+00:00,1.0
24442,2024-12-09 07:00:00+00:00,7.0
24442,2024-12-09 07:00:00+00:00,7.0
24442,2024-12-09 07:00:00+00:00,7.0
24442,2024-12-09 07:00:00+00:00,7.0
24442,2024-12-09 07:00:00+00:00,7.0
24442,2024-12-09 07:00:00+00:00,7.0
24442,2024-12-09 07:00:00+00:00,7.0
24442,2024-12-09 08:00:00+00:00,7.0
24442,2024-12-09 08:00:00+00:00,7.0
24443,2024-12-09 07:00:00+00:00,2.0
24443,2024-12-09 07:00:00+00:00,2.0
24443,2024-12-09 07:00:00+00:00,2.0
24443,2024-12-09 07:00:00+00:00,2.0
24443,2024-12-09 07:00:00+00:00,2.0
24443,2024-12-09 07:00:00+00:00,2.0
24443,2024-12-09 07:00:00+00:00,2.0
24443,2024-12-09 08:00:00+00:00,2.0
24443,2024-12-09 08:00:00+00:00,2.0
24444,2024-12-09 07:00:00+00:00,7.0
24444,2024-12-09 07:00:00+00:00,7.0
24444,2024-12-09 07:00:00+00:00,7.0
24444,2024-12-09 07:00:00+00:00,7.0
24444,2024-12-09 07:00:00+00:00,7.0
24444,2024-12-09 07:00:00+00:00,7.0
24444,2024-12-09 07:00:00+00:00,7.0
24444,2024-12-09 08:00:00+00:00,7.0
24444,2024-12-09 08:00:00+00:00,7.0
24445,2024-12-09 07:00:00+00:00,2.0
24445,2024-12-09 07:00:00+00:00,2.0
24445,2024-12-09 07:00:00+00:00,2.0
24445,2024-12-09 07:00:00+00:00,2.0
24445,2024-12-09 07:00:00+00:00,2.0
24445,2024-12-09 07:00:00+00:00,2.0
24445,2024-12-09 07:00:00+00:00,2.0
24445,2024-12-09 08:00:00+00:00,2.0
24445,2024-12-09 08:00:00+00:00,2.0
24446,2024-12-09 07:00:00+00:00,0.0
24446,2024-12-09 07:00:00+00:00,0.0
24446,2024-12-09 07:00:00+00:00,0.0
24446,2024-12-09 07:00:00+00:00,0.0
24446,2024-12-09 07:00:00+00:00,0.0
24446,2024-12-09 07:00:00+00:00,0.0
24446,2024-12-09 07:00:00+00:00,0.0
24446,2024-12-09 08:00:00+00:00,0.0
24446,2024-12-09 08:00:00+00:00,0.0
24447,2024-12-09 07:00:00+00:00,3.533333333333333
24447,2024-12-09 07:00:00+00:00,3.533333333333333
24447,2024-12-09 07:00:00+00:00,3.533333333333333
24447,2024-12-09 07:00:00+00:00,3.533333333333333
24447,2024-12-09 07:00:00+00:00,3.533333333333333
24447,2024-12-09 07:00:00+00:00,3.533333333333333
24447,2024-12-09 07:00:00+00:00,3.533333333333333
24447,2024-12-09 08:00:00+00:00,2.333333333333333
24447,2024-12-09 08:00:00+00:00,2.3333333333333335
24448,2024-12-09 07:00:00+00:00,7.0
24448,2024-12-09 07:00:00+00:00,7.0
24448,2024-12-09 07:00:00+00:00,7.0
24448,2024-12-09 07:00:00+00:00,7.0
24448,2024-12-09 07:00:00+00:00,7.0
24448,2024-12-09 07:00:00+00:00,7.0
24448,2024-12-09 07:00:00+00:00,7.0
24448,2024-12-09 08:00:00+00:00,7.0
24448,2024-12-09 08:00:00+00:00,7.0
24449,2024-12-09 07:00:00+00:00,0.0
24449,2024-12-09 07:00:00+00:00,0.0
24449,2024-12-09 07:00:00+00:00,0.0
24449,2024-12-09 07:00:00+00:00,0.0
24449,2024-12-09 07:00:00+00:00,0.0
24449,2024-12-09 07:00:00+00:00,0.0
24449,2024-12-09 07:00:00+00:00,0.0
24449,2024-12-09 08:00:00+00:00,0.0
24449,2024-12-09 08:00:00+00:00,0.0
24450,2024-12-09 07:00:00+00:00,2.0
24450,2024-12-09 07:00:00+00:00,2.0
24450,2024-12-09 07:00:00+00:00,2.0
24450,2024-12-09 07:00:00+00:00,2.0
24450,2024-12-09 07:00:00+00:00,2.0
24450,2024-12-09 07:00:00+00:00,2.0
24450,2024-12-09 07:00:00+00:00,2.0
24450,2024-12-09 08:00:00+00:00,2.0
24450,2024-12-09 08:00:00+00:00,2.0
24451,2024-12-09 07:00:00+00:00,2.0
24451,2024-12-09 07:00:00+00:00,2.0
24451,2024-12-09 07:00:00+00:00,2.0
24451,2024-12-09 07:00:00+00:00,2.0
24451,2024-12-09 07:00:00+00:00,2.0
24451,2024-12-09 07:00:00+00:00,2.0
24451,2024-12-09 07:00:00+00:00,2.0
24451,2024-12-09 08:00:00+00:00,2.0
24451,2024-12-09 08:00:00+00:00,2.0
24452,2024-12-09 07:00:00+00:00,2.0
24452,2024-12-09 07:00:00+00:00,2.0
24452,2024-12-09 07:00:00+00:00,2.0
24452,2024-12-09 07:00:00+00:00,2.0
24452,2024-12-09 07:00:00+00:00,2.0
24452,2024-12-09 07:00:00+00:00,2.0
24452,2024-12-09 07:00:00+00:00,2.0
24452,2024-12-09 08:00:00+00:00,2.0
24452,2024-12-09 08:00:00+00:00,2.0
24453,2024-12-09 07:00:00+00:00,0.0
24453,2024-12-09 07:00:00+00:00,0.0
24453,2024-12-09 07:00:00+00:00,0.0
24453,2024-12-09 07:00:00+00:00,0.0
24453,2024-12-09 07:00:00+00:00,0.0
24453,2024-12-09 07:00:00+00:00,0.0
24453,2024-12-09 07:00:00+00:00,0.0
24453,2024-12-09 08:00:00+00:00,0.0
24453,2024-12-09 08:00:00+00:00,0.0
24454,2024-12-09 07:00:00+00:00,1.0
24454,2024-12-09 07:00:00+00:00,1.0
24454,2024-12-09 07:00:00+00:00,1.0
24454,2024-12-09 07:00:00+00:00,1.0
24454,2024-12-09 07:00:00+00:00,1.0
24454,2024-12-09 07:00:00+00:00,1.0
24454,2024-12-09 07:00:00+00:00,1.0
24454,2024-12-09 08:00:00+00:00,1.0
24454,2024-12-09 08:00:00+00:00,1.0
24455,2024-12-09 07:00:00+00:00,0.0
24455,2024-12-09 07:00:00+00:00,0.0
24455,2024-12-09 07:00:00+00:00,0.0
24455,2024-12-09 07:00:00+00:00,0.0
24455,2024-12-09 07:00:00+00:00,0.0
24455,2024-12-09 07:00:00+00:00,0.0
24455,2024-12-09 07:00:00+00:00,0.0
24455,2024-12-09 08:00:00+00:00,0.0
24455,2024-12-09 08:00:00+00:00,0.0
24456,2024-12-09 07:00:00+00:00,1.0
24456,2024-12-09 07:00:00+00:00,1.0
24456,2024-12-09 07:00:00+00:00,1.0
24456,2024-12-09 07:00:00+00:00,1.0
24456,2024-12-09 07:00:00+00:00,1.0
24456,2024-12-09 07:00:00+00:00,1.0
24456,2024-12-09 07:00:00+00:00,1.0
24456,2024-12-09 08:00:00+00:00,1.0
24456,2024-12-09 08:00:00+00:00,1.0
24457,2024-12-09 07:00:00+00:00,1.0
24457,2024-12-09 07:00:00+00:00,1.0
24457,2024-12-09 07:00:00+00:00,1.0
24457,2024-12-09 07:00:00+00:00,1.0
24457,2024-12-09 07:00:00+00:00,1.0
24457,2024-12-09 07:00:00+00:00,1.0
24457,2024-12-09 07:00:00+00:00,1.0
24457,2024-12-09 08:00:00+00:00,0.2166666666666666
24457,2024-12-09 08:00:00+00:00,0.21666666666666667
24458,2024-12-09 07:00:00+00:00,7.0
24458,2024-12-09 07:00:00+00:00,7.0
24458,2024-12-09 07:00:00+00:00,7.0
24458,2024-12-09 07:00:00+00:00,7.0
24458,2024-12-09 07:00:00+00:00,7.0
24458,2024-12-09 07:00:00+00:00,7.0
24458,2024-12-09 07:00:00+00:00,7.0
24458,2024-12-09 08:00:00+00:00,7.0
24458,2024-12-09 08:00:00+00:00,7.0
24459,2024-12-09 07:00:00+00:00,3.0
24459,2024-12-09 07:00:00+00:00,3.0
24459,2024-12-09 07:00:00+00:00,3.0
24459,2024-12-09 07:00:00+00:00,3.0
24459,2024-12-09 07:00:00+00:00,3.0
24459,2024-12-09 07:00:00+00:00,3.0
24459,2024-12-09 07:00:00+00:00,3.0
24459,2024-12-09 08:00:00+00:00,3.0
24459,2024-12-09 08:00:00+00:00,3.0
24460,2024-12-09 07:00:00+00:00,1.0
24460,2024-12-09 07:00:00+00:00,1.0
24460,2024-12-09 07:00:00+00:00,1.0
24460,2024-12-09 07:00:00+00:00,1.0
24460,2024-12-09 07:00:00+00:00,1.0
24460,2024-12-09 07:00:00+00:00,1.0
24460,2024-12-09 07:00:00+00:00,1.0
24460,2024-12-09 08:00:00+00:00,1.0
24460,2024-12-09 08:00:00+00:00,1.0
24461,2024-12-09 07:00:00+00:00,12.977777777777778
24461,2024-12-09 07:00:00+00:00,12.977777777777778
24461,2024-12-09 07:00:00+00:00,12.977777777777778
24461,2024-12-09 07:00:00+00:00,12.977777777777778
24461,2024-12-09 07:00:00+00:00,12.977777777777778
24461,2024-12-09 07:00:00+00:00,12.977777777777778
24461,2024-12-09 07:00:00+00:00,12.977777777777778
24461,2024-12-09 08:00:00+00:00,11.25
24461,2024-12-09 08:00:00+00:00,11.25
24462,2024-12-09 07:00:00+00:00,0.0
24462,2024-12-09 07:00:00+00:00,0.0
24462,2024-12-09 07:00:00+00:00,0.0
24462,2024-12-09 07:00:00+00:00,0.0
24462,2024-12-09 07:00:00+00:00,0.0
24462,2024-12-09 07:00:00+00:00,0.0
24462,2024-12-09 07:00:00+00:00,0.0
24462,2024-12-09 08:00:00+00:00,0.0
24462,2024-12-09 08:00:00+00:00,0.0
24463,2024-12-09 07:00:00+00:00,5.0
24463,2024-12-09 07:00:00+00:00,5.0
24463,2024-12-09 07:00:00+00:00,5.0
24463,2024-12-09 07:00:00+00:00,5.0
24463,2024-12-09 07:00:00+00:00,5.0
24463,2024-12-09 07:00:00+00:00,5.0
24463,2024-12-09 07:00:00+00:00,5.0
24463,2024-12-09 08:00:00+00:00,5.0
24463,2024-12-09 08:00:00+00:00,5.0
24464,2024-12-09 07:00:00+00:00,3.0
24464,2024-12-09 07:00:00+00:00,3.0
24464,2024-12-09 07:00:00+00:00,3.0
24464,2024-12-09 07:00:00+00:00,3.0
24464,2024-12-09 07:00:00+00:00,3.0
24464,2024-12-09 07:00:00+00:00,3.0
24464,2024-12-09 07:00:00+00:00,3.0
24464,2024-12-09 08:00:00+00:00,3.0
24464,2024-12-09 08:00:00+00:00,3.0
24465,2024-12-09 07:00:00+00:00,1.8444444444444443
24465,2024-12-09 07:00:00+00:00,1.8444444444444443
24465,2024-12-09 07:00:00+00:00,1.8444444444444443
24465,2024-12-09 07:00:00+00:00,1.8444444444444443
24465,2024-12-09 07:00:00+00:00,1.8444444444444443
24465,2024-12-09 07:00:00+00:00,1.8444444444444443
24465,2024-12-09 07:00:00+00:00,1.8444444444444443
24465,2024-12-09 08:00:00+00:00,1.0
24465,2024-12-09 08:00:00+00:00,1.0
24466,2024-12-09 07:00:00+00:00,0.0
24466,2024-12-09 07:00:00+00:00,0.0
24466,2024-12-09 07:00:00+00:00,0.0
24466,2024-12-09 07:00:00+00:00,0.0
24466,2024-12-09 07:00:00+00:00,0.0
24466,2024-12-09 07:00:00+00:00,0.0
24466,2024-12-09 07:00:00+00:00,0.0
24466,2024-12-09 08:00:00+00:00,0.0
24466,2024-12-09 08:00:00+00:00,0.0
24467,2024-12-09 07:00:00+00:00,2.0
24467,2024-12-09 07:00:00+00:00,2.0
24467,2024-12-09 07:00:00+00:00,2.0
24467,2024-12-09 07:00:00+00:00,2.0
24467,2024-12-09 07:00:00+00:00,2.0
24467,2024-12-09 07:00:00+00:00,2.0
24467,2024-12-09 07:00:00+00:00,2.0
24467,2024-12-09 08:00:00+00:00,2.0
24467,2024-12-09 08:00:00+00:00,2.0
24468,2024-12-09 07:00:00+00:00,7.0
24468,2024-12-09 07:00:00+00:00,7.0
24468,2024-12-09 07:00:00+00:00,7.0
24468,2024-12-09 07:00:00+00:00,7.0
24468,2024-12-09 07:00:00+00:00,7.0
24468,2024-12-09 07:00:00+00:00,7.0
24468,2024-12-09 07:00:00+00:00,7.0
24468,2024-12-09 08:00:00+00:00,7.0
24468,2024-12-09 08:00:00+00:00,7.0
24469,2024-12-09 07:00:00+00:00,5.088888888888889
24469,2024-12-09 07:00:00+00:00,5.088888888888889
24469,2024-12-09 07:00:00+00:00,5.088888888888889
24469,2024-12-09 07:00:00+00:00,5.088888888888889
24469,2024-12-09 07:00:00+00:00,5.088888888888889
24469,2024-12-09 07:00:00+00:00,5.088888888888889
24469,2024-12-09 07:00:00+00:00,5.088888888888889
24469,2024-12-09 08:00:00+00:00,6.0
24469,2024-12-09 08:00:00+00:00,6.0
24470,2024-12-09 07:00:00+00:00,4.0
24470,2024-12-09 07:00:00+00:00,4.0
24470,2024-12-09 07:00:00+00:00,4.0
24470,2024-12-09 07:00:00+00:00,4.0
24470,2024-12-09 07:00:00+00:00,4.0
24470,2024-12-09 07:00:00+00:00,4.0
24470,2024-12-09 07:00:00+00:00,4.0
24470,2024-12-09 08:00:00+00:00,4.0
24470,2024-12-09 08:00:00+00:00,4.0
24471,2024-12-09 07:00:00+00:00,2.0
24471,2024-12-09 07:00:00+00:00,2.0
24471,2024-12-09 07:00:00+00:00,2.0
24471,2024-12-09 07:00:00+00:00,2.0
24471,2024-12-09 07:00:00+00:00,2.0
24471,2024-12-09 07:00:00+00:00,2.0
24471,2024-12-09 07:00:00+00:00,2.0
24471,2024-12-09 08:00:00+00:00,0.3833333333333333
24471,2024-12-09 08:00:00+00:00,0.38333333333333336
24472,2024-12-09 07:00:00+00:00,4.0
24472,2024-12-09 07:00:00+00:00,4.0
24472,2024-12-09 07:00:00+00:00,4.0
24472,2024-12-09 07:00:00+00:00,4.0
24472,2024-12-09 07:00:00+00:00,4.0
24472,2024-12-09 07:00:00+00:00,4.0
24472,2024-12-09 07:00:00+00:00,4.0
24472,2024-12-09 08:00:00+00:00,3.1
24472,2024-12-09 08:00:00+00:00,3.1
24473,2024-12-09 07:00:00+00:00,4.0
24473,2024-12-09 07:00:00+00:00,4.0
24473,2024-12-09 07:00:00+00:00,4.0
24473,2024-12-09 07:00:00+00:00,4.0
24473,2024-12-09 07:00:00+00:00,4.0
24473,2024-12-09 07:00:00+00:00,4.0
24473,2024-12-09 07:00:00+00:00,4.0
24473,2024-12-09 08:00:00+00:00,4.0
24473,2024-12-09 08:00:00+00:00,4.0
24474,2024-12-09 07:00:00+00:00,8.0
24474,2024-12-09 07:00:00+00:00,8.0
24474,2024-12-09 07:00:00+00:00,8.0
24474,2024-12-09 07:00:00+00:00,8.0
24474,2024-12-09 07:00:00+00:00,8.0
24474,2024-12-09 07:00:00+00:00,8.0
24474,2024-12-09 07:00:00+00:00,8.0
24474,2024-12-09 08:00:00+00:00,8.0
24474,2024-12-09 08:00:00+00:00,8.0
24475,2024-12-09 07:00:00+00:00,2.0
24475,2024-12-09 07:00:00+00:00,2.0
24475,2024-12-09 07:00:00+00:00,2.0
24475,2024-12-09 07:00:00+00:00,2.0
24475,2024-12-09 07:00:00+00:00,2.0
24475,2024-12-09 07:00:00+00:00,2.0
24475,2024-12-09 07:00:00+00:00,2.0
24475,2024-12-09 08:00:00+00:00,2.0
24475,2024-12-09 08:00:00+00:00,2.0
24476,2024-12-09 07:00:00+00:00,6.0
24476,2024-12-09 07:00:00+00:00,6.0
24476,2024-12-09 07:00:00+00:00,6.0
24476,2024-12-09 07:00:00+00:00,6.0
24476,2024-12-09 07:00:00+00:00,6.0
24476,2024-12-09 07:00:00+00:00,6.0
24476,2024-12-09 07:00:00+00:00,6.0
24476,2024-12-09 08:00:00+00:00,6.0
24476,2024-12-09 08:00:00+00:00,6.0
24478,2024-12-09 07:00:00+00:00,8.0
24478,2024-12-09 07:00:00+00:00,8.0
24478,2024-12-09 07:00:00+00:00,8.0
24478,2024-12-09 07:00:00+00:00,8.0
24478,2024-12-09 07:00:00+00:00,8.0
24478,2024-12-09 07:00:00+00:00,8.0
24478,2024-12-09 07:00:00+00:00,8.0
24478,2024-12-09 08:00:00+00:00,8.85
24478,2024-12-09 08:00:00+00:00,8.85
24479,2024-12-09 07:00:00+00:00,3.0
24479,2024-12-09 07:00:00+00:00,3.0
24479,2024-12-09 07:00:00+00:00,3.0
24479,2024-12-09 07:00:00+00:00,3.0
24479,2024-12-09 07:00:00+00:00,3.0
24479,2024-12-09 07:00:00+00:00,3.0
24479,2024-12-09 07:00:00+00:00,3.0
24479,2024-12-09 08:00:00+00:00,3.0
24479,2024-12-09 08:00:00+00:00,3.0
24481,2024-12-09 07:00:00+00:00,0.0
24481,2024-12-09 07:00:00+00:00,0.0
24481,2024-12-09 07:00:00+00:00,0.0
24481,2024-12-09 07:00:00+00:00,0.0
24481,2024-12-09 07:00:00+00:00,0.0
24481,2024-12-09 07:00:00+00:00,0.0
24481,2024-12-09 07:00:00+00:00,0.0
24481,2024-12-09 08:00:00+00:00,0.0
24481,2024-12-09 08:00:00+00:00,0.0
24482,2024-12-09 07:00:00+00:00,6.0
24482,2024-12-09 07:00:00+00:00,6.0
24482,2024-12-09 07:00:00+00:00,6.0
24482,2024-12-09 07:00:00+00:00,6.0
24482,2024-12-09 07:00:00+00:00,6.0
24482,2024-12-09 07:00:00+00:00,6.0
24482,2024-12-09 07:00:00+00:00,6.0
24482,2024-12-09 08:00:00+00:00,6.0
24482,2024-12-09 08:00:00+00:00,6.0
26209,2024-12-09 07:00:00+00:00,13.0
26209,2024-12-09 07:00:00+00:00,13.0
26209,2024-12-09 07:00:00+00:00,13.0
26209,2024-12-09 07:00:00+00:00,13.0
26209,2024-12-09 07:00:00+00:00,13.0
26209,2024-12-09 07:00:00+00:00,13.0
26209,2024-12-09 07:00:00+00:00,13.0
26209,2024-12-09 08:00:00+00:00,12.55
26209,2024-12-09 08:00:00+00:00,12.55
26224,2024-12-09 07:00:00+00:00,7.0
26224,2024-12-09 07:00:00+00:00,7.0
26224,2024-12-09 07:00:00+00:00,7.0
26224,2024-12-09 07:00:00+00:00,7.0
26224,2024-12-09 07:00:00+00:00,7.0
26224,2024-12-09 07:00:00+00:00,7.0
26224,2024-12-09 07:00:00+00:00,7.0
26224,2024-12-09 08:00:00+00:00,7.0
26224,2024-12-09 08:00:00+00:00,7.0
26653,2024-12-09 07:00:00+00:00,1.0
26653,2024-12-09 07:00:00+00:00,1.0
26653,2024-12-09 07:00:00+00:00,1.0
26653,2024-12-09 07:00:00+00:00,1.0
26653,2024-12-09 07:00:00+00:00,1.0
26653,2024-12-09 07:00:00+00:00,1.0
26653,2024-12-09 07:00:00+00:00,1.0
26653,2024-12-09 08:00:00+00:00,1.0
26653,2024-12-09 08:00:00+00:00,1.0
26708,2024-12-09 07:00:00+00:00,7.0
26708,2024-12-09 07:00:00+00:00,7.0
26708,2024-12-09 07:00:00+00:00,7.0
26708,2024-12-09 07:00:00+00:00,7.0
26708,2024-12-09 07:00:00+00:00,7.0
26708,2024-12-09 07:00:00+00:00,7.0
26708,2024-12-09 07:00:00+00:00,7.0
26708,2024-12-09 08:00:00+00:00,7.0
26708,2024-12-09 08:00:00+00:00,7.0
26724,2024-12-09 07:00:00+00:00,2.0
26724,2024-12-09 07:00:00+00:00,2.0
26724,2024-12-09 07:00:00+00:00,2.0
26724,2024-12-09 07:00:00+00:00,2.0
26724,2024-12-09 07:00:00+00:00,2.0
26724,2024-12-09 07:00:00+00:00,2.0
26724,2024-12-09 07:00:00+00:00,2.0
26724,2024-12-09 08:00:00+00:00,2.0
26724,2024-12-09 08:00:00+00:00,2.0
26725,2024-12-09 07:00:00+00:00,5.0
26725,2024-12-09 07:00:00+00:00,5.0
26725,2024-12-09 07:00:00+00:00,5.0
26725,2024-12-09 07:00:00+00:00,5.0
26725,2024-12-09 07:00:00+00:00,5.0
26725,2024-12-09 07:00:00+00:00,5.0
26725,2024-12-09 07:00:00+00:00,5.0
26725,2024-12-09 08:00:00+00:00,5.0
26725,2024-12-09 08:00:00+00:00,5.0
26730,2024-12-09 07:00:00+00:00,5.222222222222222
26730,2024-12-09 07:00:00+00:00,5.222222222222222
26730,2024-12-09 07:00:00+00:00,5.222222222222222
26730,2024-12-09 07:00:00+00:00,5.222222222222222
26730,2024-12-09 07:00:00+00:00,5.222222222222222
26730,2024-12-09 07:00:00+00:00,5.222222222222222
26730,2024-12-09 07:00:00+00:00,5.222222222222222
26730,2024-12-09 08:00:00+00:00,6.0
26730,2024-12-09 08:00:00+00:00,6.0
26805,2024-12-09 07:00:00+00:00,1.0
26805,2024-12-09 07:00:00+00:00,1.0
26805,2024-12-09 07:00:00+00:00,1.0
26805,2024-12-09 07:00:00+00:00,1.0
26805,2024-12-09 07:00:00+00:00,1.0
26805,2024-12-09 07:00:00+00:00,1.0
26805,2024-12-09 07:00:00+00:00,1.0
26805,2024-12-09 08:00:00+00:00,1.0
26805,2024-12-09 08:00:00+00:00,1.0
26889,2024-12-09 07:00:00+00:00,0.0
26889,2024-12-09 07:00:00+00:00,0.0
26889,2024-12-09 07:00:00+00:00,0.0
26889,2024-12-09 07:00:00+00:00,0.0
26889,2024-12-09 07:00:00+00:00,0.0
26889,2024-12-09 07:00:00+00:00,0.0
26889,2024-12-09 07:00:00+00:00,0.0
26889,2024-12-09 08:00:00+00:00,0.0
26889,2024-12-09 08:00:00+00:00,0.0
27183,2024-12-09 07:00:00+00:00,14.0
27183,2024-12-09 07:00:00+00:00,14.0
27183,2024-12-09 07:00:00+00:00,14.0
27183,2024-12-09 07:00:00+00:00,14.0
27183,2024-12-09 07:00:00+00:00,14.0
27183,2024-12-09 07:00:00+00:00,14.0
27183,2024-12-09 07:00:00+00:00,14.0
27183,2024-12-09 08:00:00+00:00,14.0
27183,2024-12-09 08:00:00+00:00,14.0
27372,2024-12-09 07:00:00+00:00,7.0
27372,2024-12-09 07:00:00+00:00,7.0
27372,2024-12-09 07:00:00+00:00,7.0
27372,2024-12-09 07:00:00+00:00,7.0
27372,2024-12-09 07:00:00+00:00,7.0
27372,2024-12-09 07:00:00+00:00,7.0
27372,2024-12-09 07:00:00+00:00,7.0
27372,2024-12-09 08:00:00+00:00,7.0
27372,2024-12-09 08:00:00+00:00,7.0
27373,2024-12-09 07:00:00+00:00,0.0
27373,2024-12-09 07:00:00+00:00,0.0
27373,2024-12-09 07:00:00+00:00,0.0
27373,2024-12-09 07:00:00+00:00,0.0
27373,2024-12-09 07:00:00+00:00,0.0
27373,2024-12-09 07:00:00+00:00,0.0
27373,2024-12-09 07:00:00+00:00,0.0
27373,2024-12-09 08:00:00+00:00,0.0
27373,2024-12-09 08:00:00+00:00,0.0
27374,2024-12-09 07:00:00+00:00,10.0
27374,2024-12-09 07:00:00+00:00,10.0
27374,2024-12-09 07:00:00+00:00,10.0
27374,2024-12-09 07:00:00+00:00,10.0
27374,2024-12-09 07:00:00+00:00,10.0
27374,2024-12-09 07:00:00+00:00,10.0
27374,2024-12-09 07:00:00+00:00,10.0
27374,2024-12-09 08:00:00+00:00,10.0
27374,2024-12-09 08:00:00+00:00,10.0
27375,2024-12-09 07:00:00+00:00,3.0
27375,2024-12-09 07:00:00+00:00,3.0
27375,2024-12-09 07:00:00+00:00,3.0
27375,2024-12-09 07:00:00+00:00,3.0
27375,2024-12-09 07:00:00+00:00,3.0
27375,2024-12-09 07:00:00+00:00,3.0
27375,2024-12-09 07:00:00+00:00,3.0
27375,2024-12-09 08:00:00+00:00,3.0
27375,2024-12-09 08:00:00+00:00,3.0
27376,2024-12-09 07:00:00+00:00,4.0
27376,2024-12-09 07:00:00+00:00,4.0
27376,2024-12-09 07:00:00+00:00,4.0
27376,2024-12-09 07:00:00+00:00,4.0
27376,2024-12-09 07:00:00+00:00,4.0
27376,2024-12-09 07:00:00+00:00,4.0
27376,2024-12-09 07:00:00+00:00,4.0
27376,2024-12-09 08:00:00+00:00,4.0
27376,2024-12-09 08:00:00+00:00,4.0
27377,2024-12-09 07:00:00+00:00,6.0
27377,2024-12-09 07:00:00+00:00,6.0
27377,2024-12-09 07:00:00+00:00,6.0
27377,2024-12-09 07:00:00+00:00,6.0
27377,2024-12-09 07:00:00+00:00,6.0
27377,2024-12-09 07:00:00+00:00,6.0
27377,2024-12-09 07:00:00+00:00,6.0
27377,2024-12-09 08:00:00+00:00,6.0
27377,2024-12-09 08:00:00+00:00,6.0
27378,2024-12-09 07:00:00+00:00,1.511111111111111
27378,2024-12-09 07:00:00+00:00,1.511111111111111
27378,2024-12-09 07:00:00+00:00,1.511111111111111
27378,2024-12-09 07:00:00+00:00,1.511111111111111
27378,2024-12-09 07:00:00+00:00,1.511111111111111
27378,2024-12-09 07:00:00+00:00,1.511111111111111
27378,2024-12-09 07:00:00+00:00,1.511111111111111
27378,2024-12-09 08:00:00+00:00,1.0
27378,2024-12-09 08:00:00+00:00,1.0
27379,2024-12-09 07:00:00+00:00,0.0
27379,2024-12-09 07:00:00+00:00,0.0
27379,2024-12-09 07:00:00+00:00,0.0
27379,2024-12-09 07:00:00+00:00,0.0
27379,2024-12-09 07:00:00+00:00,0.0
27379,2024-12-09 07:00:00+00:00,0.0
27379,2024-12-09 07:00:00+00:00,0.0
27379,2024-12-09 08:00:00+00:00,0.0
27379,2024-12-09 08:00:00+00:00,0.0
27380,2024-12-09 07:00:00+00:00,0.4
27380,2024-12-09 07:00:00+00:00,0.4
27380,2024-12-09 07:00:00+00:00,0.4
27380,2024-12-09 07:00:00+00:00,0.4
27380,2024-12-09 07:00:00+00:00,0.4
27380,2024-12-09 07:00:00+00:00,0.4
27380,2024-12-09 07:00:00+00:00,0.4
27380,2024-12-09 08:00:00+00:00,1.0
27380,2024-12-09 08:00:00+00:00,1.0
27381,2024-12-09 07:00:00+00:00,1.0
27381,2024-12-09 07:00:00+00:00,1.0
27381,2024-12-09 07:00:00+00:00,1.0
27381,2024-12-09 07:00:00+00:00,1.0
27381,2024-12-09 07:00:00+00:00,1.0
27381,2024-12-09 07:00:00+00:00,1.0
27381,2024-12-09 07:00:00+00:00,1.0
27381,2024-12-09 08:00:00+00:00,1.0
27381,2024-12-09 08:00:00+00:00,1.0
27382,2024-12-09 07:00:00+00:00,6.0
27382,2024-12-09 07:00:00+00:00,6.0
27382,2024-12-09 07:00:00+00:00,6.0
27382,2024-12-09 07:00:00+00:00,6.0
27382,2024-12-09 07:00:00+00:00,6.0
27382,2024-12-09 07:00:00+00:00,6.0
27382,2024-12-09 07:00:00+00:00,6.0
27382,2024-12-09 08:00:00+00:00,6.0
27382,2024-12-09 08:00:00+00:00,6.0
27440,2024-12-09 07:00:00+00:00,7.0
27440,2024-12-09 07:00:00+00:00,7.0
27440,2024-12-09 07:00:00+00:00,7.0
27440,2024-12-09 07:00:00+00:00,7.0
27440,2024-12-09 07:00:00+00:00,7.0
27440,2024-12-09 07:00:00+00:00,7.0
27440,2024-12-09 07:00:00+00:00,7.0
27440,2024-12-09 08:00:00+00:00,7.0
27440,2024-12-09 08:00:00+00:00,7.0
27441,2024-12-09 07:00:00+00:00,3.0
27441,2024-12-09 07:00:00+00:00,3.0
27441,2024-12-09 07:00:00+00:00,3.0
27441,2024-12-09 07:00:00+00:00,3.0
27441,2024-12-09 07:00:00+00:00,3.0
27441,2024-12-09 07:00:00+00:00,3.0
27441,2024-12-09 07:00:00+00:00,3.0
27441,2024-12-09 08:00:00+00:00,3.0
27441,2024-12-09 08:00:00+00:00,3.0
27442,2024-12-09 07:00:00+00:00,4.0
27442,2024-12-09 07:00:00+00:00,4.0
27442,2024-12-09 07:00:00+00:00,4.0
27442,2024-12-09 07:00:00+00:00,4.0
27442,2024-12-09 07:00:00+00:00,4.0
27442,2024-12-09 07:00:00+00:00,4.0
27442,2024-12-09 07:00:00+00:00,4.0
27442,2024-12-09 08:00:00+00:00,4.0
27442,2024-12-09 08:00:00+00:00,4.0
27443,2024-12-09 07:00:00+00:00,7.0
27443,2024-12-09 07:00:00+00:00,7.0
27443,2024-12-09 07:00:00+00:00,7.0
27443,2024-12-09 07:00:00+00:00,7.0
27443,2024-12-09 07:00:00+00:00,7.0
27443,2024-12-09 07:00:00+00:00,7.0
27443,2024-12-09 07:00:00+00:00,7.0
27443,2024-12-09 08:00:00+00:00,7.0
27443,2024-12-09 08:00:00+00:00,7.0
27444,2024-12-09 07:00:00+00:00,1.0
27444,2024-12-09 07:00:00+00:00,1.0
27444,2024-12-09 07:00:00+00:00,1.0
27444,2024-12-09 07:00:00+00:00,1.0
27444,2024-12-09 07:00:00+00:00,1.0
27444,2024-12-09 07:00:00+00:00,1.0
27444,2024-12-09 07:00:00+00:00,1.0
27444,2024-12-09 08:00:00+00:00,1.0
27444,2024-12-09 08:00:00+00:00,1.0
27445,2024-12-09 07:00:00+00:00,7.0
27445,2024-12-09 07:00:00+00:00,7.0
27445,2024-12-09 07:00:00+00:00,7.0
27445,2024-12-09 07:00:00+00:00,7.0
27445,2024-12-09 07:00:00+00:00,7.0
27445,2024-12-09 07:00:00+00:00,7.0
27445,2024-12-09 07:00:00+00:00,7.0
27445,2024-12-09 08:00:00+00:00,7.0
27445,2024-12-09 08:00:00+00:00,7.0
27446,2024-12-09 07:00:00+00:00,9.0
27446,2024-12-09 07:00:00+00:00,9.0
27446,2024-12-09 07:00:00+00:00,9.0
27446,2024-12-09 07:00:00+00:00,9.0
27446,2024-12-09 07:00:00+00:00,9.0
27446,2024-12-09 07:00:00+00:00,9.0
27446,2024-12-09 07:00:00+00:00,9.0
27446,2024-12-09 08:00:00+00:00,9.0
27446,2024-12-09 08:00:00+00:00,9.0
27447,2024-12-09 07:00:00+00:00,7.0
27447,2024-12-09 07:00:00+00:00,7.0
27447,2024-12-09 07:00:00+00:00,7.0
27447,2024-12-09 07:00:00+00:00,7.0
27447,2024-12-09 07:00:00+00:00,7.0
27447,2024-12-09 07:00:00+00:00,7.0
27447,2024-12-09 07:00:00+00:00,7.0
27447,2024-12-09 08:00:00+00:00,7.0
27447,2024-12-09 08:00:00+00:00,7.0
27448,2024-12-09 07:00:00+00:00,7.0
27448,2024-12-09 07:00:00+00:00,7.0
27448,2024-12-09 07:00:00+00:00,7.0
27448,2024-12-09 07:00:00+00:00,7.0
27448,2024-12-09 07:00:00+00:00,7.0
27448,2024-12-09 07:00:00+00:00,7.0
27448,2024-12-09 07:00:00+00:00,7.0
27448,2024-12-09 08:00:00+00:00,7.0
27448,2024-12-09 08:00:00+00:00,7.0
27449,2024-12-09 07:00:00+00:00,1.0
27449,2024-12-09 07:00:00+00:00,1.0
27449,2024-12-09 07:00:00+00:00,1.0
27449,2024-12-09 07:00:00+00:00,1.0
27449,2024-12-09 07:00:00+00:00,1.0
27449,2024-12-09 07:00:00+00:00,1.0
27449,2024-12-09 07:00:00+00:00,1.0
27449,2024-12-09 08:00:00+00:00,1.0
27449,2024-12-09 08:00:00+00:00,1.0
27450,2024-12-09 07:00:00+00:00,4.0
27450,2024-12-09 07:00:00+00:00,4.0
27450,2024-12-09 07:00:00+00:00,4.0
27450,2024-12-09 07:00:00+00:00,4.0
27450,2024-12-09 07:00:00+00:00,4.0
27450,2024-12-09 07:00:00+00:00,4.0
27450,2024-12-09 07:00:00+00:00,4.0
27450,2024-12-09 08:00:00+00:00,4.0
27450,2024-12-09 08:00:00+00:00,4.0
27451,2024-12-09 07:00:00+00:00,3.0
27451,2024-12-09 07:00:00+00:00,3.0
27451,2024-12-09 07:00:00+00:00,3.0
27451,2024-12-09 07:00:00+00:00,3.0
27451,2024-12-09 07:00:00+00:00,3.0
27451,2024-12-09 07:00:00+00:00,3.0
27451,2024-12-09 07:00:00+00:00,3.0
27451,2024-12-09 08:00:00+00:00,3.0
27451,2024-12-09 08:00:00+00:00,3.0
27452,2024-12-09 07:00:00+00:00,6.0
27452,2024-12-09 07:00:00+00:00,6.0
27452,2024-12-09 07:00:00+00:00,6.0
27452,2024-12-09 07:00:00+00:00,6.0
27452,2024-12-09 07:00:00+00:00,6.0
27452,2024-12-09 07:00:00+00:00,6.0
27452,2024-12-09 07:00:00+00:00,6.0
27452,2024-12-09 08:00:00+00:00,6.0
27452,2024-12-09 08:00:00+00:00,6.0
27567,2024-12-09 07:00:00+00:00,6.0
27567,2024-12-09 07:00:00+00:00,6.0
27567,2024-12-09 07:00:00+00:00,6.0
27567,2024-12-09 07:00:00+00:00,6.0
27567,2024-12-09 07:00:00+00:00,6.0
27567,2024-12-09 07:00:00+00:00,6.0
27567,2024-12-09 07:00:00+00:00,6.0
27567,2024-12-09 08:00:00+00:00,6.0
27567,2024-12-09 08:00:00+00:00,6.0
27717,2024-12-09 07:00:00+00:00,7.0
27717,2024-12-09 07:00:00+00:00,7.0
27717,2024-12-09 07:00:00+00:00,7.0
27717,2024-12-09 07:00:00+00:00,7.0
27717,2024-12-09 07:00:00+00:00,7.0
27717,2024-12-09 07:00:00+00:00,7.0
27717,2024-12-09 07:00:00+00:00,7.0
27717,2024-12-09 08:00:00+00:00,7.0
27717,2024-12-09 08:00:00+00:00,7.0
28264,2024-12-09 07:00:00+00:00,2.0
28264,2024-12-09 07:00:00+00:00,2.0
28264,2024-12-09 07:00:00+00:00,2.0
28264,2024-12-09 07:00:00+00:00,2.0
28264,2024-12-09 07:00:00+00:00,2.0
28264,2024-12-09 07:00:00+00:00,2.0
28264,2024-12-09 07:00:00+00:00,2.0
28264,2024-12-09 08:00:00+00:00,2.0
28264,2024-12-09 08:00:00+00:00,2.0
28738,2024-12-09 07:00:00+00:00,10.0
28738,2024-12-09 07:00:00+00:00,10.0
28738,2024-12-09 07:00:00+00:00,10.0
28738,2024-12-09 07:00:00+00:00,10.0
28738,2024-12-09 07:00:00+00:00,10.0
28738,2024-12-09 07:00:00+00:00,10.0
28738,2024-12-09 07:00:00+00:00,10.0
28738,2024-12-09 08:00:00+00:00,10.0
28738,2024-12-09 08:00:00+00:00,10.0
28789,2024-12-09 07:00:00+00:00,10.0
28789,2024-12-09 07:00:00+00:00,10.0
28789,2024-12-09 07:00:00+00:00,10.0
28789,2024-12-09 07:00:00+00:00,10.0
28789,2024-12-09 07:00:00+00:00,10.0
28789,2024-12-09 07:00:00+00:00,10.0
28789,2024-12-09 07:00:00+00:00,10.0
28789,2024-12-09 08:00:00+00:00,10.0
28789,2024-12-09 08:00:00+00:00,10.0
28790,2024-12-09 07:00:00+00:00,9.0
28790,2024-12-09 07:00:00+00:00,9.0
28790,2024-12-09 07:00:00+00:00,9.0
28790,2024-12-09 07:00:00+00:00,9.0
28790,2024-12-09 07:00:00+00:00,9.0
28790,2024-12-09 07:00:00+00:00,9.0
28790,2024-12-09 07:00:00+00:00,9.0
28790,2024-12-09 08:00:00+00:00,9.0
28790,2024-12-09 08:00:00+00:00,9.0
28791,2024-12-09 07:00:00+00:00,1.0
28791,2024-12-09 07:00:00+00:00,1.0
28791,2024-12-09 07:00:00+00:00,1.0
28791,2024-12-09 07:00:00+00:00,1.0
28791,2024-12-09 07:00:00+00:00,1.0
28791,2024-12-09 07:00:00+00:00,1.0
28791,2024-12-09 07:00:00+00:00,1.0
28791,2024-12-09 08:00:00+00:00,1.0
28791,2024-12-09 08:00:00+00:00,1.0
28792,2024-12-09 07:00:00+00:00,8.0
28792,2024-12-09 07:00:00+00:00,8.0
28792,2024-12-09 07:00:00+00:00,8.0
28792,2024-12-09 07:00:00+00:00,8.0
28792,2024-12-09 07:00:00+00:00,8.0
28792,2024-12-09 07:00:00+00:00,8.0
28792,2024-12-09 07:00:00+00:00,8.0
28792,2024-12-09 08:00:00+00:00,8.0
28792,2024-12-09 08:00:00+00:00,8.0
28793,2024-12-09 07:00:00+00:00,7.2
28793,2024-12-09 07:00:00+00:00,7.2
28793,2024-12-09 07:00:00+00:00,7.2
28793,2024-12-09 07:00:00+00:00,7.2
28793,2024-12-09 07:00:00+00:00,7.2
28793,2024-12-09 07:00:00+00:00,7.2
28793,2024-12-09 07:00:00+00:00,7.2
28793,2024-12-09 08:00:00+00:00,7.0
28793,2024-12-09 08:00:00+00:00,7.0
28794,2024-12-09 07:00:00+00:00,4.0
28794,2024-12-09 07:00:00+00:00,4.0
28794,2024-12-09 07:00:00+00:00,4.0
28794,2024-12-09 07:00:00+00:00,4.0
28794,2024-12-09 07:00:00+00:00,4.0
28794,2024-12-09 07:00:00+00:00,4.0
28794,2024-12-09 07:00:00+00:00,4.0
28794,2024-12-09 08:00:00+00:00,4.0
28794,2024-12-09 08:00:00+00:00,4.0
28795,2024-12-09 07:00:00+00:00,5.0
28795,2024-12-09 07:00:00+00:00,5.0
28795,2024-12-09 07:00:00+00:00,5.0
28795,2024-12-09 07:00:00+00:00,5.0
28795,2024-12-09 07:00:00+00:00,5.0
28795,2024-12-09 07:00:00+00:00,5.0
28795,2024-12-09 07:00:00+00:00,5.0
28795,2024-12-09 08:00:00+00:00,5.0
28795,2024-12-09 08:00:00+00:00,5.0
28796,2024-12-09 07:00:00+00:00,5.0
28796,2024-12-09 07:00:00+00:00,5.0
28796,2024-12-09 07:00:00+00:00,5.0
28796,2024-12-09 07:00:00+00:00,5.0
28796,2024-12-09 07:00:00+00:00,5.0
28796,2024-12-09 07:00:00+00:00,5.0
28796,2024-12-09 07:00:00+00:00,5.0
28796,2024-12-09 08:00:00+00:00,5.0
28796,2024-12-09 08:00:00+00:00,5.0
28797,2024-12-09 07:00:00+00:00,7.0
28797,2024-12-09 07:00:00+00:00,7.0
28797,2024-12-09 07:00:00+00:00,7.0
28797,2024-12-09 07:00:00+00:00,7.0
28797,2024-12-09 07:00:00+00:00,7.0
28797,2024-12-09 07:00:00+00:00,7.0
28797,2024-12-09 07:00:00+00:00,7.0
28797,2024-12-09 08:00:00+00:00,7.0
28797,2024-12-09 08:00:00+00:00,7.0
28798,2024-12-09 07:00:00+00:00,6.0
28798,2024-12-09 07:00:00+00:00,6.0
28798,2024-12-09 07:00:00+00:00,6.0
28798,2024-12-09 07:00:00+00:00,6.0
28798,2024-12-09 07:00:00+00:00,6.0
28798,2024-12-09 07:00:00+00:00,6.0
28798,2024-12-09 07:00:00+00:00,6.0
28798,2024-12-09 08:00:00+00:00,6.0
28798,2024-12-09 08:00:00+00:00,6.0
28799,2024-12-09 07:00:00+00:00,1.0
28799,2024-12-09 07:00:00+00:00,1.0
28799,2024-12-09 07:00:00+00:00,1.0
28799,2024-12-09 07:00:00+00:00,1.0
28799,2024-12-09 07:00:00+00:00,1.0
28799,2024-12-09 07:00:00+00:00,1.0
28799,2024-12-09 07:00:00+00:00,1.0
28799,2024-12-09 08:00:00+00:00,1.0
28799,2024-12-09 08:00:00+00:00,1.0
28800,2024-12-09 07:00:00+00:00,2.0
28800,2024-12-09 07:00:00+00:00,2.0
28800,2024-12-09 07:00:00+00:00,2.0
28800,2024-12-09 07:00:00+00:00,2.0
28800,2024-12-09 07:00:00+00:00,2.0
28800,2024-12-09 07:00:00+00:00,2.0
28800,2024-12-09 07:00:00+00:00,2.0
28800,2024-12-09 08:00:00+00:00,2.0
28800,2024-12-09 08:00:00+00:00,2.0
28801,2024-12-09 07:00:00+00:00,2.0
28801,2024-12-09 07:00:00+00:00,2.0
28801,2024-12-09 07:00:00+00:00,2.0
28801,2024-12-09 07:00:00+00:00,2.0
28801,2024-12-09 07:00:00+00:00,2.0
28801,2024-12-09 07:00:00+00:00,2.0
28801,2024-12-09 07:00:00+00:00,2.0
28801,2024-12-09 08:00:00+00:00,2.0
28801,2024-12-09 08:00:00+00:00,2.0
28802,2024-12-09 07:00:00+00:00,0.0
28802,2024-12-09 07:00:00+00:00,0.0
28802,2024-12-09 07:00:00+00:00,0.0
28802,2024-12-09 07:00:00+00:00,0.0
28802,2024-12-09 07:00:00+00:00,0.0
28802,2024-12-09 07:00:00+00:00,0.0
28802,2024-12-09 07:00:00+00:00,0.0
28802,2024-12-09 08:00:00+00:00,0.0
28802,2024-12-09 08:00:00+00:00,0.0
28803,2024-12-09 07:00:00+00:00,3.0
28803,2024-12-09 07:00:00+00:00,3.0
28803,2024-12-09 07:00:00+00:00,3.0
28803,2024-12-09 07:00:00+00:00,3.0
28803,2024-12-09 07:00:00+00:00,3.0
28803,2024-12-09 07:00:00+00:00,3.0
28803,2024-12-09 07:00:00+00:00,3.0
28803,2024-12-09 08:00:00+00:00,3.0
28803,2024-12-09 08:00:00+00:00,3.0
28804,2024-12-09 07:00:00+00:00,5.0
28804,2024-12-09 07:00:00+00:00,5.0
28804,2024-12-09 07:00:00+00:00,5.0
28804,2024-12-09 07:00:00+00:00,5.0
28804,2024-12-09 07:00:00+00:00,5.0
28804,2024-12-09 07:00:00+00:00,5.0
28804,2024-12-09 07:00:00+00:00,5.0
28804,2024-12-09 08:00:00+00:00,5.0
28804,2024-12-09 08:00:00+00:00,5.0
28813,2024-12-09 07:00:00+00:00,3.0
28813,2024-12-09 07:00:00+00:00,3.0
28813,2024-12-09 07:00:00+00:00,3.0
28813,2024-12-09 07:00:00+00:00,3.0
28813,2024-12-09 07:00:00+00:00,3.0
28813,2024-12-09 07:00:00+00:00,3.0
28813,2024-12-09 07:00:00+00:00,3.0
28813,2024-12-09 08:00:00+00:00,3.0
28813,2024-12-09 08:00:00+00:00,3.0
28932,2024-12-09 07:00:00+00:00,7.0
28932,2024-12-09 07:00:00+00:00,7.0
28932,2024-12-09 07:00:00+00:00,7.0
28932,2024-12-09 07:00:00+00:00,7.0
28932,2024-12-09 07:00:00+00:00,7.0
28932,2024-12-09 07:00:00+00:00,7.0
28932,2024-12-09 07:00:00+00:00,7.0
28932,2024-12-09 08:00:00+00:00,7.0
28932,2024-12-09 08:00:00+00:00,7.0
29049,2024-12-09 07:00:00+00:00,1.0
29049,2024-12-09 07:00:00+00:00,1.0
29049,2024-12-09 07:00:00+00:00,1.0
29049,2024-12-09 07:00:00+00:00,1.0
29049,2024-12-09 07:00:00+00:00,1.0
29049,2024-12-09 07:00:00+00:00,1.0
29049,2024-12-09 07:00:00+00:00,1.0
29049,2024-12-09 08:00:00+00:00,1.0
29049,2024-12-09 08:00:00+00:00,1.0
29109,2024-12-09 07:00:00+00:00,2.0
29109,2024-12-09 07:00:00+00:00,2.0
29109,2024-12-09 07:00:00+00:00,2.0
29109,2024-12-09 07:00:00+00:00,2.0
29109,2024-12-09 07:00:00+00:00,2.0
29109,2024-12-09 07:00:00+00:00,2.0
29109,2024-12-09 07:00:00+00:00,2.0
29109,2024-12-09 08:00:00+00:00,2.816666666666667
29109,2024-12-09 08:00:00+00:00,2.816666666666667
29112,2024-12-09 07:00:00+00:00,8.0
29112,2024-12-09 07:00:00+00:00,8.0
29112,2024-12-09 07:00:00+00:00,8.0
29112,2024-12-09 07:00:00+00:00,8.0
29112,2024-12-09 07:00:00+00:00,8.0
29112,2024-12-09 07:00:00+00:00,8.0
29112,2024-12-09 07:00:00+00:00,8.0
29112,2024-12-09 08:00:00+00:00,8.0
29112,2024-12-09 08:00:00+00:00,8.0
29200,2024-12-09 07:00:00+00:00,1.1333333333333333
29200,2024-12-09 07:00:00+00:00,1.1333333333333333
29200,2024-12-09 07:00:00+00:00,1.1333333333333333
29200,2024-12-09 07:00:00+00:00,1.1333333333333333
29200,2024-12-09 07:00:00+00:00,1.1333333333333333
29200,2024-12-09 07:00:00+00:00,1.1333333333333333
29200,2024-12-09 07:00:00+00:00,1.1333333333333333
29200,2024-12-09 08:00:00+00:00,1.1666666666666667
29200,2024-12-09 08:00:00+00:00,1.1666666666666667
29253,2024-12-09 07:00:00+00:00,3.0
29253,2024-12-09 07:00:00+00:00,3.0
29253,2024-12-09 07:00:00+00:00,3.0
29253,2024-12-09 07:00:00+00:00,3.0
29253,2024-12-09 07:00:00+00:00,3.0
29253,2024-12-09 07:00:00+00:00,3.0
29253,2024-12-09 07:00:00+00:00,3.0
29253,2024-12-09 08:00:00+00:00,3.0
29253,2024-12-09 08:00:00+00:00,3.0
29345,2024-12-09 07:00:00+00:00,1.0
29345,2024-12-09 07:00:00+00:00,1.0
29345,2024-12-09 07:00:00+00:00,1.0
29345,2024-12-09 07:00:00+00:00,1.0
29345,2024-12-09 07:00:00+00:00,1.0
29345,2024-12-09 07:00:00+00:00,1.0
29345,2024-12-09 07:00:00+00:00,1.0
29345,2024-12-09 08:00:00+00:00,1.0
29345,2024-12-09 08:00:00+00:00,1.0
29346,2024-12-09 07:00:00+00:00,0.0
29346,2024-12-09 07:00:00+00:00,0.0
29346,2024-12-09 07:00:00+00:00,0.0
29346,2024-12-09 07:00:00+00:00,0.0
29346,2024-12-09 07:00:00+00:00,0.0
29346,2024-12-09 07:00:00+00:00,0.0
29346,2024-12-09 07:00:00+00:00,0.0
29346,2024-12-09 08:00:00+00:00,0.0
29346,2024-12-09 08:00:00+00:00,0.0
29347,2024-12-09 07:00:00+00:00,1.0
29347,2024-12-09 07:00:00+00:00,1.0
29347,2024-12-09 07:00:00+00:00,1.0
29347,2024-12-09 07:00:00+00:00,1.0
29347,2024-12-09 07:00:00+00:00,1.0
29347,2024-12-09 07:00:00+00:00,1.0
29347,2024-12-09 07:00:00+00:00,1.0
29347,2024-12-09 08:00:00+00:00,1.0
29347,2024-12-09 08:00:00+00:00,1.0
29663,2024-12-09 07:00:00+00:00,8.0
29663,2024-12-09 07:00:00+00:00,8.0
29663,2024-12-09 07:00:00+00:00,8.0
29663,2024-12-09 07:00:00+00:00,8.0
29663,2024-12-09 07:00:00+00:00,8.0
29663,2024-12-09 07:00:00+00:00,8.0
29663,2024-12-09 07:00:00+00:00,8.0
29663,2024-12-09 08:00:00+00:00,8.0
29663,2024-12-09 08:00:00+00:00,8.0
29946,2024-12-09 07:00:00+00:00,0.0
29946,2024-12-09 07:00:00+00:00,0.0
29946,2024-12-09 07:00:00+00:00,0.0
29946,2024-12-09 07:00:00+00:00,0.0
29946,2024-12-09 07:00:00+00:00,0.0
29946,2024-12-09 07:00:00+00:00,0.0
29946,2024-12-09 07:00:00+00:00,0.0
29946,2024-12-09 08:00:00+00:00,0.0
29946,2024-12-09 08:00:00+00:00,0.0
29963,2024-12-09 07:00:00+00:00,11.0
29963,2024-12-09 07:00:00+00:00,11.0
29963,2024-12-09 07:00:00+00:00,11.0
29963,2024-12-09 07:00:00+00:00,11.0
29963,2024-12-09 07:00:00+00:00,11.0
29963,2024-12-09 07:00:00+00:00,11.0
29963,2024-12-09 07:00:00+00:00,11.0
29963,2024-12-09 08:00:00+00:00,10.2
29963,2024-12-09 08:00:00+00:00,10.2
29964,2024-12-09 07:00:00+00:00,7.0
29964,2024-12-09 07:00:00+00:00,7.0
29964,2024-12-09 07:00:00+00:00,7.0
29964,2024-12-09 07:00:00+00:00,7.0
29964,2024-12-09 07:00:00+00:00,7.0
29964,2024-12-09 07:00:00+00:00,7.0
29964,2024-12-09 07:00:00+00:00,7.0
29964,2024-12-09 08:00:00+00:00,7.566666666666666
29964,2024-12-09 08:00:00+00:00,7.566666666666666
29965,2024-12-09 07:00:00+00:00,2.0
29965,2024-12-09 07:00:00+00:00,2.0
29965,2024-12-09 07:00:00+00:00,2.0
29965,2024-12-09 07:00:00+00:00,2.0
29965,2024-12-09 07:00:00+00:00,2.0
29965,2024-12-09 07:00:00+00:00,2.0
29965,2024-12-09 07:00:00+00:00,2.0
29965,2024-12-09 08:00:00+00:00,2.0
29965,2024-12-09 08:00:00+00:00,2.0
30022,2024-12-09 07:00:00+00:00,1.0
30022,2024-12-09 07:00:00+00:00,1.0
30022,2024-12-09 07:00:00+00:00,1.0
30022,2024-12-09 07:00:00+00:00,1.0
30022,2024-12-09 07:00:00+00:00,1.0
30022,2024-12-09 07:00:00+00:00,1.0
30022,2024-12-09 07:00:00+00:00,1.0
30022,2024-12-09 08:00:00+00:00,1.0
30022,2024-12-09 08:00:00+00:00,1.0
30024,2024-12-09 07:00:00+00:00,1.0
30024,2024-12-09 07:00:00+00:00,1.0
30024,2024-12-09 07:00:00+00:00,1.0
30024,2024-12-09 07:00:00+00:00,1.0
30024,2024-12-09 07:00:00+00:00,1.0
30024,2024-12-09 07:00:00+00:00,1.0
30024,2024-12-09 07:00:00+00:00,1.0
30024,2024-12-09 08:00:00+00:00,1.0
30024,2024-12-09 08:00:00+00:00,1.0
30025,2024-12-09 07:00:00+00:00,8.0
30025,2024-12-09 07:00:00+00:00,8.0
30025,2024-12-09 07:00:00+00:00,8.0
30025,2024-12-09 07:00:00+00:00,8.0
30025,2024-12-09 07:00:00+00:00,8.0
30025,2024-12-09 07:00:00+00:00,8.0
30025,2024-12-09 07:00:00+00:00,8.0
30025,2024-12-09 08:00:00+00:00,8.0
30025,2024-12-09 08:00:00+00:00,8.0
30026,2024-12-09 07:00:00+00:00,7.0
30026,2024-12-09 07:00:00+00:00,7.0
30026,2024-12-09 07:00:00+00:00,7.0
30026,2024-12-09 07:00:00+00:00,7.0
30026,2024-12-09 07:00:00+00:00,7.0
30026,2024-12-09 07:00:00+00:00,7.0
30026,2024-12-09 07:00:00+00:00,7.0
30026,2024-12-09 08:00:00+00:00,7.0
30026,2024-12-09 08:00:00+00:00,7.0
30027,2024-12-09 07:00:00+00:00,9.0
30027,2024-12-09 07:00:00+00:00,9.0
30027,2024-12-09 07:00:00+00:00,9.0
30027,2024-12-09 07:00:00+00:00,9.0
30027,2024-12-09 07:00:00+00:00,9.0
30027,2024-12-09 07:00:00+00:00,9.0
30027,2024-12-09 07:00:00+00:00,9.0
30027,2024-12-09 08:00:00+00:00,9.0
30027,2024-12-09 08:00:00+00:00,9.0
30120,2024-12-09 07:00:00+00:00,7.711111111111111
30120,2024-12-09 07:00:00+00:00,7.711111111111111
30120,2024-12-09 07:00:00+00:00,7.711111111111111
30120,2024-12-09 07:00:00+00:00,7.711111111111111
30120,2024-12-09 07:00:00+00:00,7.711111111111111
30120,2024-12-09 07:00:00+00:00,7.711111111111111
30120,2024-12-09 07:00:00+00:00,7.711111111111111
30120,2024-12-09 08:00:00+00:00,8.0
30120,2024-12-09 08:00:00+00:00,8.0
30121,2024-12-09 07:00:00+00:00,1.0
30121,2024-12-09 07:00:00+00:00,1.0
30121,2024-12-09 07:00:00+00:00,1.0
30121,2024-12-09 07:00:00+00:00,1.0
30121,2024-12-09 07:00:00+00:00,1.0
30121,2024-12-09 07:00:00+00:00,1.0
30121,2024-12-09 07:00:00+00:00,1.0
30121,2024-12-09 08:00:00+00:00,1.0
30121,2024-12-09 08:00:00+00:00,1.0
30145,2024-12-09 07:00:00+00:00,1.0
30145,2024-12-09 07:00:00+00:00,1.0
30145,2024-12-09 07:00:00+00:00,1.0
30145,2024-12-09 07:00:00+00:00,1.0
30145,2024-12-09 07:00:00+00:00,1.0
30145,2024-12-09 07:00:00+00:00,1.0
30145,2024-12-09 07:00:00+00:00,1.0
30145,2024-12-09 08:00:00+00:00,1.0
30145,2024-12-09 08:00:00+00:00,1.0
30146,2024-12-09 07:00:00+00:00,0.0
30146,2024-12-09 07:00:00+00:00,0.0
30146,2024-12-09 07:00:00+00:00,0.0
30146,2024-12-09 07:00:00+00:00,0.0
30146,2024-12-09 07:00:00+00:00,0.0
30146,2024-12-09 07:00:00+00:00,0.0
30146,2024-12-09 07:00:00+00:00,0.0
30146,2024-12-09 08:00:00+00:00,0.0
30146,2024-12-09 08:00:00+00:00,0.0
30147,2024-12-09 07:00:00+00:00,1.0
30147,2024-12-09 07:00:00+00:00,1.0
30147,2024-12-09 07:00:00+00:00,1.0
30147,2024-12-09 07:00:00+00:00,1.0
30147,2024-12-09 07:00:00+00:00,1.0
30147,2024-12-09 07:00:00+00:00,1.0
30147,2024-12-09 07:00:00+00:00,1.0
30147,2024-12-09 08:00:00+00:00,1.0
30147,2024-12-09 08:00:00+00:00,1.0
30151,2024-12-09 07:00:00+00:00,10.0
30151,2024-12-09 07:00:00+00:00,10.0
30151,2024-12-09 07:00:00+00:00,10.0
30151,2024-12-09 07:00:00+00:00,10.0
30151,2024-12-09 07:00:00+00:00,10.0
30151,2024-12-09 07:00:00+00:00,10.0
30151,2024-12-09 07:00:00+00:00,10.0
30151,2024-12-09 08:00:00+00:00,10.0
30151,2024-12-09 08:00:00+00:00,10.0
30207,2024-12-09 07:00:00+00:00,1.0666666666666669
30207,2024-12-09 07:00:00+00:00,1.0666666666666669
30207,2024-12-09 07:00:00+00:00,1.0666666666666669
30207,2024-12-09 07:00:00+00:00,1.0666666666666669
30207,2024-12-09 07:00:00+00:00,1.0666666666666669
30207,2024-12-09 07:00:00+00:00,1.0666666666666669
30207,2024-12-09 07:00:00+00:00,1.0666666666666667
30207,2024-12-09 08:00:00+00:00,2.0
30207,2024-12-09 08:00:00+00:00,2.0
30434,2024-12-09 07:00:00+00:00,8.0
30434,2024-12-09 07:00:00+00:00,8.0
30434,2024-12-09 07:00:00+00:00,8.0
30434,2024-12-09 07:00:00+00:00,8.0
30434,2024-12-09 07:00:00+00:00,8.0
30434,2024-12-09 07:00:00+00:00,8.0
30434,2024-12-09 07:00:00+00:00,8.0
30434,2024-12-09 08:00:00+00:00,7.066666666666666
30434,2024-12-09 08:00:00+00:00,7.066666666666666
30515,2024-12-09 07:00:00+00:00,9.0
30515,2024-12-09 07:00:00+00:00,9.0
30515,2024-12-09 07:00:00+00:00,9.0
30515,2024-12-09 07:00:00+00:00,9.0
30515,2024-12-09 07:00:00+00:00,9.0
30515,2024-12-09 07:00:00+00:00,9.0
30515,2024-12-09 07:00:00+00:00,9.0
30515,2024-12-09 08:00:00+00:00,9.0
30515,2024-12-09 08:00:00+00:00,9.0
