entityId,prediction_time_utc,prediction_availableBikeNumber
24367,2025-02-04 13:00:00+00:00,7.623333333333334
24367,2025-02-04 14:00:00+00:00,7.080109572549666
24367,2025-02-04 15:00:00+00:00,6.569076717216771
24367,2025-02-04 16:00:00+00:00,5.992865497076023
24367,2025-02-04 17:00:00+00:00,5.630797129683746
24368,2025-02-04 13:00:00+00:00,0.8270323863415765
24368,2025-02-04 14:00:00+00:00,1.0120529305099728
24368,2025-02-04 15:00:00+00:00,1.0708897222080949
24368,2025-02-04 16:00:00+00:00,1.4217104253145512
24368,2025-02-04 17:00:00+00:00,1.889942378934244
24369,2025-02-04 13:00:00+00:00,2.2035061135966525
24369,2025-02-04 14:00:00+00:00,1.3999222815952796
24369,2025-02-04 15:00:00+00:00,1.094151238591916
24369,2025-02-04 16:00:00+00:00,0.8641902071563088
24369,2025-02-04 17:00:00+00:00,0.8263507370608485
24370,2025-02-04 13:00:00+00:00,19.39634333751519
24370,2025-02-04 14:00:00+00:00,18.138215071952224
24370,2025-02-04 15:00:00+00:00,16.545103578154425
24370,2025-02-04 16:00:00+00:00,16.056798493408664
24370,2025-02-04 17:00:00+00:00,14.028516769061365
24371,2025-02-04 13:00:00+00:00,44.253019560339204
24371,2025-02-04 14:00:00+00:00,42.54350473659587
24371,2025-02-04 15:00:00+00:00,39.25738476737365
24371,2025-02-04 16:00:00+00:00,34.82479593096848
24371,2025-02-04 17:00:00+00:00,30.961912722669872
24372,2025-02-04 13:00:00+00:00,0.6772909753983187
24372,2025-02-04 14:00:00+00:00,0.9751368924942394
24372,2025-02-04 15:00:00+00:00,1.3123775534743127
24372,2025-02-04 16:00:00+00:00,1.3506026365348407
24372,2025-02-04 17:00:00+00:00,1.2636404461828188
24373,2025-02-04 13:00:00+00:00,0.09179012345678927
24373,2025-02-04 14:00:00+00:00,0.09900974810773899
24373,2025-02-04 15:00:00+00:00,0.08984674329501807
24373,2025-02-04 16:00:00+00:00,0.11777777777777665
24373,2025-02-04 17:00:00+00:00,0.08111111111110958
24374,2025-02-04 13:00:00+00:00,7.428275124122582
24374,2025-02-04 14:00:00+00:00,7.530985400872407
24374,2025-02-04 15:00:00+00:00,7.061814712693392
24374,2025-02-04 16:00:00+00:00,6.60973194480454
24374,2025-02-04 17:00:00+00:00,6.401179502428388
24375,2025-02-04 13:00:00+00:00,1.7767040939672216
24375,2025-02-04 14:00:00+00:00,1.4392077692445295
24375,2025-02-04 15:00:00+00:00,2.3583499071379475
24375,2025-02-04 16:00:00+00:00,2.573662452119108
24375,2025-02-04 17:00:00+00:00,2.753983050847457
24376,2025-02-04 13:00:00+00:00,0.9099470387459405
24376,2025-02-04 14:00:00+00:00,1.2504632258124366
24376,2025-02-04 15:00:00+00:00,1.855781544256121
24376,2025-02-04 16:00:00+00:00,2.530450210201003
24376,2025-02-04 17:00:00+00:00,2.775958456273127
24377,2025-02-04 13:00:00+00:00,2.0518964491884293
24377,2025-02-04 14:00:00+00:00,2.20857409960443
24377,2025-02-04 15:00:00+00:00,2.4972113192585987
24377,2025-02-04 16:00:00+00:00,2.633333333333333
24377,2025-02-04 17:00:00+00:00,2.7740708812260535
24378,2025-02-04 13:00:00+00:00,1.168986519972247
24378,2025-02-04 14:00:00+00:00,1.606615790465423
24378,2025-02-04 15:00:00+00:00,2.0713208649912334
24378,2025-02-04 16:00:00+00:00,2.5021702208435106
24378,2025-02-04 17:00:00+00:00,3.1069990962697265
24379,2025-02-04 13:00:00+00:00,0.5492561205273061
24379,2025-02-04 14:00:00+00:00,0.8817265916613266
24379,2025-02-04 15:00:00+00:00,0.8052419301549536
24379,2025-02-04 16:00:00+00:00,0.8587664783427504
24379,2025-02-04 17:00:00+00:00,0.7086868686868675
24380,2025-02-04 13:00:00+00:00,0.3064328852522866
24380,2025-02-04 14:00:00+00:00,1.013982258138284
24380,2025-02-04 15:00:00+00:00,1.797532012114127
24380,2025-02-04 16:00:00+00:00,1.9866723781297262
24380,2025-02-04 17:00:00+00:00,2.686158192090395
24381,2025-02-04 13:00:00+00:00,2.8441145297004446
24381,2025-02-04 14:00:00+00:00,2.759760698746672
24381,2025-02-04 15:00:00+00:00,2.874622686424025
24381,2025-02-04 16:00:00+00:00,3.32029627874119
24381,2025-02-04 17:00:00+00:00,3.4371134128478755
24383,2025-02-04 13:00:00+00:00,17.89085307972163
24383,2025-02-04 14:00:00+00:00,16.7920858033453
24383,2025-02-04 15:00:00+00:00,15.594984043650852
24383,2025-02-04 16:00:00+00:00,15.792731410269763
24383,2025-02-04 17:00:00+00:00,15.639227871939736
24384,2025-02-04 13:00:00+00:00,5.174776315160362
24384,2025-02-04 14:00:00+00:00,4.668782578062239
24384,2025-02-04 15:00:00+00:00,4.560433971509366
24384,2025-02-04 16:00:00+00:00,4.11243537065571
24384,2025-02-04 17:00:00+00:00,3.5509899822613225
24385,2025-02-04 13:00:00+00:00,0.8894132735891933
24385,2025-02-04 14:00:00+00:00,1.2599255979625368
24385,2025-02-04 15:00:00+00:00,1.3345523026878947
24385,2025-02-04 16:00:00+00:00,1.897922832033002
24385,2025-02-04 17:00:00+00:00,2.5741256389561475
24386,2025-02-04 13:00:00+00:00,4.824651780967571
24386,2025-02-04 14:00:00+00:00,4.783475432288991
24386,2025-02-04 15:00:00+00:00,5.049759639211022
24386,2025-02-04 16:00:00+00:00,4.959025851737716
24386,2025-02-04 17:00:00+00:00,4.657900188323917
24387,2025-02-04 13:00:00+00:00,11.907574656981438
24387,2025-02-04 14:00:00+00:00,11.546177520071367
24387,2025-02-04 15:00:00+00:00,11.436149425287354
24387,2025-02-04 16:00:00+00:00,10.936367366155501
24387,2025-02-04 17:00:00+00:00,10.856007532956685
24388,2025-02-04 13:00:00+00:00,6.468431117554437
24388,2025-02-04 14:00:00+00:00,6.147492199158866
24388,2025-02-04 15:00:00+00:00,5.999040404040405
24388,2025-02-04 16:00:00+00:00,5.573345274674445
24388,2025-02-04 17:00:00+00:00,5.171680790960452
24389,2025-02-04 13:00:00+00:00,0.7868014559582264
24389,2025-02-04 14:00:00+00:00,1.2800184940078676
24389,2025-02-04 15:00:00+00:00,1.7989645461537829
24389,2025-02-04 16:00:00+00:00,1.9238821630347047
24389,2025-02-04 17:00:00+00:00,2.423934542002408
24390,2025-02-04 13:00:00+00:00,0.4172696830350411
24390,2025-02-04 14:00:00+00:00,0.8415474757097421
24390,2025-02-04 15:00:00+00:00,1.093542148856368
24390,2025-02-04 16:00:00+00:00,1.0808215331822635
24390,2025-02-04 17:00:00+00:00,1.2706987466718611
24391,2025-02-04 13:00:00+00:00,4.192099811676083
24391,2025-02-04 14:00:00+00:00,4.522815117864797
24391,2025-02-04 15:00:00+00:00,4.561808234300929
24391,2025-02-04 16:00:00+00:00,4.982758620689656
24391,2025-02-04 17:00:00+00:00,5.2875
24392,2025-02-04 13:00:00+00:00,0.3347895684925888
24392,2025-02-04 14:00:00+00:00,0.7793211471045058
24392,2025-02-04 15:00:00+00:00,1.1640362361192276
24392,2025-02-04 16:00:00+00:00,1.4649566205597755
24392,2025-02-04 17:00:00+00:00,1.4017514124293773
24393,2025-02-04 13:00:00+00:00,8.188972778633797
24393,2025-02-04 14:00:00+00:00,7.8585957586178665
24393,2025-02-04 15:00:00+00:00,7.913399246704332
24393,2025-02-04 16:00:00+00:00,7.9395714007403075
24393,2025-02-04 17:00:00+00:00,7.538333333333334
24394,2025-02-04 13:00:00+00:00,4.239816384180791
24394,2025-02-04 14:00:00+00:00,4.04954296439821
24394,2025-02-04 15:00:00+00:00,3.805207472819636
24394,2025-02-04 16:00:00+00:00,3.6119324441046112
24394,2025-02-04 17:00:00+00:00,3.293953865699285
24395,2025-02-04 13:00:00+00:00,24.960033119033696
24395,2025-02-04 14:00:00+00:00,24.49325111057047
24395,2025-02-04 15:00:00+00:00,24.34560263653485
24395,2025-02-04 16:00:00+00:00,24.085031406998098
24395,2025-02-04 17:00:00+00:00,23.968333333333334
24396,2025-02-04 13:00:00+00:00,3.088057859480621
24396,2025-02-04 14:00:00+00:00,3.1688869407104354
24396,2025-02-04 15:00:00+00:00,3.4814599717685017
24396,2025-02-04 16:00:00+00:00,3.6240395480225986
24396,2025-02-04 17:00:00+00:00,3.77570199363595
24397,2025-02-04 13:00:00+00:00,4.7951181894928245
24397,2025-02-04 14:00:00+00:00,8.10631965137187
24397,2025-02-04 15:00:00+00:00,12.01568881423906
24397,2025-02-04 16:00:00+00:00,13.837947776285315
24397,2025-02-04 17:00:00+00:00,15.520464912028565
24398,2025-02-04 13:00:00+00:00,10.89868623763331
24398,2025-02-04 14:00:00+00:00,10.198769991519917
24398,2025-02-04 15:00:00+00:00,9.649404241125456
24398,2025-02-04 16:00:00+00:00,9.61012980898574
24398,2025-02-04 17:00:00+00:00,9.613465160075329
24399,2025-02-04 13:00:00+00:00,1.3569383321769584
24399,2025-02-04 14:00:00+00:00,1.17398350561231
24399,2025-02-04 15:00:00+00:00,1.0812727562135422
24399,2025-02-04 16:00:00+00:00,1.716625971476807
24399,2025-02-04 17:00:00+00:00,2.1626158367745836
24400,2025-02-04 13:00:00+00:00,4.292462335216572
24400,2025-02-04 14:00:00+00:00,4.016209631064877
24400,2025-02-04 15:00:00+00:00,3.707826520438684
24400,2025-02-04 16:00:00+00:00,3.586066154085779
24400,2025-02-04 17:00:00+00:00,3.33839831014373
24401,2025-02-04 13:00:00+00:00,9.736040917651088
24401,2025-02-04 14:00:00+00:00,10.202173569373986
24401,2025-02-04 15:00:00+00:00,11.453478948346087
24401,2025-02-04 16:00:00+00:00,11.179696764370869
24401,2025-02-04 17:00:00+00:00,11.446115391200138
24402,2025-02-04 13:00:00+00:00,6.45565333977666
24402,2025-02-04 14:00:00+00:00,6.209714421381088
24402,2025-02-04 15:00:00+00:00,6.066639274096902
24402,2025-02-04 16:00:00+00:00,5.671123052452223
24402,2025-02-04 17:00:00+00:00,5.2816807909604515
24403,2025-02-04 13:00:00+00:00,6.45565333977666
24403,2025-02-04 14:00:00+00:00,6.209714421381088
24403,2025-02-04 15:00:00+00:00,6.066639274096902
24403,2025-02-04 16:00:00+00:00,5.671123052452223
24403,2025-02-04 17:00:00+00:00,5.2816807909604515
24404,2025-02-04 13:00:00+00:00,4.824651780967571
24404,2025-02-04 14:00:00+00:00,4.783475432288991
24404,2025-02-04 15:00:00+00:00,5.049759639211022
24404,2025-02-04 16:00:00+00:00,4.959025851737716
24404,2025-02-04 17:00:00+00:00,4.657900188323917
24405,2025-02-04 13:00:00+00:00,0.06345679012345506
24405,2025-02-04 14:00:00+00:00,0.08734308144107228
24405,2025-02-04 15:00:00+00:00,0.08570361711799368
24405,2025-02-04 16:00:00+00:00,0.12666666666666515
24405,2025-02-04 17:00:00+00:00,0.10888888888888726
24406,2025-02-04 13:00:00+00:00,4.824651780967571
24406,2025-02-04 14:00:00+00:00,4.783475432288991
24406,2025-02-04 15:00:00+00:00,5.049759639211022
24406,2025-02-04 16:00:00+00:00,4.959025851737716
24406,2025-02-04 17:00:00+00:00,4.657900188323917
24407,2025-02-04 13:00:00+00:00,10.036164654059391
24407,2025-02-04 14:00:00+00:00,10.569772749799512
24407,2025-02-04 15:00:00+00:00,11.13017094017094
24407,2025-02-04 16:00:00+00:00,11.28342878633515
24407,2025-02-04 17:00:00+00:00,11.506859241154974
24408,2025-02-04 13:00:00+00:00,22.44624192747144
24408,2025-02-04 14:00:00+00:00,19.875761855846605
24408,2025-02-04 15:00:00+00:00,18.705664209227532
24408,2025-02-04 16:00:00+00:00,17.11185239301254
24408,2025-02-04 17:00:00+00:00,15.846890057795965
24409,2025-02-04 13:00:00+00:00,1.9540566852737902
24409,2025-02-04 14:00:00+00:00,1.8220034259246676
24409,2025-02-04 15:00:00+00:00,1.5099221870408304
24409,2025-02-04 16:00:00+00:00,1.3542654659246978
24409,2025-02-04 17:00:00+00:00,1.2175580665411165
24410,2025-02-04 13:00:00+00:00,0.06345679012345506
24410,2025-02-04 14:00:00+00:00,0.08734308144107228
24410,2025-02-04 15:00:00+00:00,0.08570361711799368
24410,2025-02-04 16:00:00+00:00,0.12666666666666515
24410,2025-02-04 17:00:00+00:00,0.10888888888888726
24411,2025-02-04 13:00:00+00:00,4.292462335216572
24411,2025-02-04 14:00:00+00:00,4.016209631064877
24411,2025-02-04 15:00:00+00:00,3.707826520438684
24411,2025-02-04 16:00:00+00:00,3.586066154085779
24411,2025-02-04 17:00:00+00:00,3.33839831014373
24412,2025-02-04 13:00:00+00:00,3.6674331169848315
24412,2025-02-04 14:00:00+00:00,3.590809350540158
24412,2025-02-04 15:00:00+00:00,3.9202540319654067
24412,2025-02-04 16:00:00+00:00,3.900408244962084
24412,2025-02-04 17:00:00+00:00,3.6975234085274646
24413,2025-02-04 13:00:00+00:00,0.38166796545229964
24413,2025-02-04 14:00:00+00:00,1.4225972388065955
24413,2025-02-04 15:00:00+00:00,2.2905489651949864
24413,2025-02-04 16:00:00+00:00,2.351116547291711
24413,2025-02-04 17:00:00+00:00,2.4998944356707327
24414,2025-02-04 13:00:00+00:00,1.007841724805489
24414,2025-02-04 14:00:00+00:00,0.9861613651662706
24414,2025-02-04 15:00:00+00:00,1.2278691566242714
24414,2025-02-04 16:00:00+00:00,1.449673202614378
24414,2025-02-04 17:00:00+00:00,1.3738248987196955
24415,2025-02-04 13:00:00+00:00,10.317177709296352
24415,2025-02-04 14:00:00+00:00,10.500365970138494
24415,2025-02-04 15:00:00+00:00,10.743546398591
24415,2025-02-04 16:00:00+00:00,10.930860732919637
24415,2025-02-04 17:00:00+00:00,11.126898923694656
24416,2025-02-04 13:00:00+00:00,8.69070856873823
24416,2025-02-04 14:00:00+00:00,9.201666666666666
24416,2025-02-04 15:00:00+00:00,9.183333333333334
24416,2025-02-04 16:00:00+00:00,8.936516007532958
24416,2025-02-04 17:00:00+00:00,9.025326135852449
24417,2025-02-04 13:00:00+00:00,1.7747479175153047
24417,2025-02-04 14:00:00+00:00,2.0033169788878977
24417,2025-02-04 15:00:00+00:00,2.1180871670702186
24417,2025-02-04 16:00:00+00:00,1.6890164355418595
24417,2025-02-04 17:00:00+00:00,1.5376139359698677
24418,2025-02-04 13:00:00+00:00,1.0736256600078922
24418,2025-02-04 14:00:00+00:00,1.0335778210444846
24418,2025-02-04 15:00:00+00:00,1.1431776182126843
24418,2025-02-04 16:00:00+00:00,1.3388888888888886
24418,2025-02-04 17:00:00+00:00,1.040390306492001
24419,2025-02-04 13:00:00+00:00,1.6467844118380888
24419,2025-02-04 14:00:00+00:00,1.3133209948697968
24419,2025-02-04 15:00:00+00:00,1.6157264576042443
24419,2025-02-04 16:00:00+00:00,2.0870338983050845
24419,2025-02-04 17:00:00+00:00,2.201817325800377
24420,2025-02-04 13:00:00+00:00,5.0008568738229755
24420,2025-02-04 14:00:00+00:00,5.025681654585663
24420,2025-02-04 15:00:00+00:00,5.227102728340718
24420,2025-02-04 16:00:00+00:00,4.8899058380414315
24420,2025-02-04 17:00:00+00:00,4.757730696798493
24421,2025-02-04 13:00:00+00:00,0.1969236734241706
24421,2025-02-04 14:00:00+00:00,0.5964980311590482
24421,2025-02-04 15:00:00+00:00,0.8251181304571134
24421,2025-02-04 16:00:00+00:00,1.4348255494748772
24421,2025-02-04 17:00:00+00:00,2.3155555555555556
24422,2025-02-04 13:00:00+00:00,13.25208097928437
24422,2025-02-04 14:00:00+00:00,13.112035197090723
24422,2025-02-04 15:00:00+00:00,13.404387947269305
24422,2025-02-04 16:00:00+00:00,13.458659003831421
24422,2025-02-04 17:00:00+00:00,13.607777777777779
24423,2025-02-04 13:00:00+00:00,0.9759567875465001
24423,2025-02-04 14:00:00+00:00,1.0538983050847444
24423,2025-02-04 15:00:00+00:00,1.0798305084745752
24423,2025-02-04 16:00:00+00:00,1.052748538011695
24423,2025-02-04 17:00:00+00:00,0.9499999999999984
24424,2025-02-04 13:00:00+00:00,2.043939763689371
24424,2025-02-04 14:00:00+00:00,1.853302516692347
24424,2025-02-04 15:00:00+00:00,2.008934483100406
24424,2025-02-04 16:00:00+00:00,2.2995503380568665
24424,2025-02-04 17:00:00+00:00,2.3140708812260535
24425,2025-02-04 13:00:00+00:00,1.3189455142682123
24425,2025-02-04 14:00:00+00:00,1.0122169339489036
24425,2025-02-04 15:00:00+00:00,1.0045603610624063
24425,2025-02-04 16:00:00+00:00,0.9763539114037605
24425,2025-02-04 17:00:00+00:00,0.9140936931535517
24426,2025-02-04 13:00:00+00:00,1.0308555286521393
24426,2025-02-04 14:00:00+00:00,1.0750094161958557
24426,2025-02-04 15:00:00+00:00,1.1481638418079094
24426,2025-02-04 16:00:00+00:00,1.0594152046783623
24426,2025-02-04 17:00:00+00:00,0.9699999999999989
24427,2025-02-04 13:00:00+00:00,8.032057033747996
24427,2025-02-04 14:00:00+00:00,7.687438794726931
24427,2025-02-04 15:00:00+00:00,7.433769451878284
24427,2025-02-04 16:00:00+00:00,7.180819209039549
24427,2025-02-04 17:00:00+00:00,6.532842246927144
24428,2025-02-04 13:00:00+00:00,0.06345679012345506
24428,2025-02-04 14:00:00+00:00,0.08734308144107228
24428,2025-02-04 15:00:00+00:00,0.08570361711799368
24428,2025-02-04 16:00:00+00:00,0.12666666666666515
24428,2025-02-04 17:00:00+00:00,0.10888888888888726
24429,2025-02-04 13:00:00+00:00,0.7033416311304483
24429,2025-02-04 14:00:00+00:00,0.9297424601531263
24429,2025-02-04 15:00:00+00:00,1.2342317682966426
24429,2025-02-04 16:00:00+00:00,1.5930249184225862
24429,2025-02-04 17:00:00+00:00,1.5648184947074486
24430,2025-02-04 13:00:00+00:00,0.9936635436083372
24430,2025-02-04 14:00:00+00:00,0.40012896981569757
24430,2025-02-04 15:00:00+00:00,0.7426982271576081
24430,2025-02-04 16:00:00+00:00,0.5796648942062692
24430,2025-02-04 17:00:00+00:00,0.6065895027759423
24431,2025-02-04 13:00:00+00:00,9.932105938961424
24431,2025-02-04 14:00:00+00:00,10.217274484361909
24431,2025-02-04 15:00:00+00:00,10.891903520208604
24431,2025-02-04 16:00:00+00:00,11.050305177364084
24431,2025-02-04 17:00:00+00:00,11.449182473478206
24432,2025-02-04 13:00:00+00:00,0.4466992611907852
24432,2025-02-04 14:00:00+00:00,1.0172635546081876
24432,2025-02-04 15:00:00+00:00,1.2742356416551752
24432,2025-02-04 16:00:00+00:00,1.414374416433239
24432,2025-02-04 17:00:00+00:00,1.5863019719732474
24433,2025-02-04 13:00:00+00:00,13.168333333333333
24433,2025-02-04 14:00:00+00:00,12.69130347054076
24433,2025-02-04 15:00:00+00:00,12.271007532956688
24433,2025-02-04 16:00:00+00:00,10.989253430185634
24433,2025-02-04 17:00:00+00:00,9.943337368845844
24434,2025-02-04 13:00:00+00:00,3.8383857949959648
24434,2025-02-04 14:00:00+00:00,3.6709259259259257
24434,2025-02-04 15:00:00+00:00,3.244371805219263
24434,2025-02-04 16:00:00+00:00,3.2251023391812867
24434,2025-02-04 17:00:00+00:00,3.0482168248046926
24435,2025-02-04 13:00:00+00:00,0.948090785115915
24435,2025-02-04 14:00:00+00:00,0.8092843923074762
24435,2025-02-04 15:00:00+00:00,0.6828203490847162
24435,2025-02-04 16:00:00+00:00,0.5753508771929816
24435,2025-02-04 17:00:00+00:00,0.5627012576574222
24436,2025-02-04 13:00:00+00:00,13.987561205273067
24436,2025-02-04 14:00:00+00:00,14.325257521512466
24436,2025-02-04 15:00:00+00:00,14.531525423728814
24436,2025-02-04 16:00:00+00:00,13.963939379180468
24436,2025-02-04 17:00:00+00:00,13.536741996233522
24437,2025-02-04 13:00:00+00:00,1.0308555286521393
24437,2025-02-04 14:00:00+00:00,1.0750094161958557
24437,2025-02-04 15:00:00+00:00,1.1481638418079094
24437,2025-02-04 16:00:00+00:00,1.0594152046783623
24437,2025-02-04 17:00:00+00:00,0.9699999999999989
24438,2025-02-04 13:00:00+00:00,3.9955955103031298
24438,2025-02-04 14:00:00+00:00,3.321642472183246
24438,2025-02-04 15:00:00+00:00,3.4011279030661354
24438,2025-02-04 16:00:00+00:00,3.2502219939508077
24438,2025-02-04 17:00:00+00:00,3.1868425635667013
24439,2025-02-04 13:00:00+00:00,0.7442857142857138
24439,2025-02-04 14:00:00+00:00,0.6004853620955322
24439,2025-02-04 15:00:00+00:00,0.6509575976694348
24439,2025-02-04 16:00:00+00:00,0.7825882027008788
24439,2025-02-04 17:00:00+00:00,0.9273910643548273
24440,2025-02-04 13:00:00+00:00,0.3144632768361566
24440,2025-02-04 14:00:00+00:00,0.5308925318761366
24440,2025-02-04 15:00:00+00:00,0.7144457104875848
24440,2025-02-04 16:00:00+00:00,0.974042950513538
24440,2025-02-04 17:00:00+00:00,0.8530108286252336
24441,2025-02-04 13:00:00+00:00,3.4028907721280603
24441,2025-02-04 14:00:00+00:00,3.884885057471265
24441,2025-02-04 15:00:00+00:00,3.7590038314176244
24441,2025-02-04 16:00:00+00:00,3.290146198830409
24441,2025-02-04 17:00:00+00:00,2.9916640645329173
24442,2025-02-04 13:00:00+00:00,4.283017890772128
24442,2025-02-04 14:00:00+00:00,4.015098519953765
24442,2025-02-04 15:00:00+00:00,3.7167154093275725
24442,2025-02-04 16:00:00+00:00,3.586621709641334
24442,2025-02-04 17:00:00+00:00,3.3139538656992853
24443,2025-02-04 13:00:00+00:00,0.4448347104281023
24443,2025-02-04 14:00:00+00:00,0.5698399246704335
24443,2025-02-04 15:00:00+00:00,1.0481697517387993
24443,2025-02-04 16:00:00+00:00,1.3150983830118839
24443,2025-02-04 17:00:00+00:00,1.17396833697335
24444,2025-02-04 13:00:00+00:00,1.9868964491884293
24444,2025-02-04 14:00:00+00:00,2.042472404689175
24444,2025-02-04 15:00:00+00:00,2.441655763703043
24444,2025-02-04 16:00:00+00:00,2.529999999999999
24444,2025-02-04 17:00:00+00:00,2.621848659003831
24445,2025-02-04 13:00:00+00:00,4.292462335216572
24445,2025-02-04 14:00:00+00:00,4.016209631064877
24445,2025-02-04 15:00:00+00:00,3.707826520438684
24445,2025-02-04 16:00:00+00:00,3.586066154085779
24445,2025-02-04 17:00:00+00:00,3.33839831014373
24446,2025-02-04 13:00:00+00:00,9.572370583623929
24446,2025-02-04 14:00:00+00:00,9.74097597351213
24446,2025-02-04 15:00:00+00:00,10.036252354048964
24446,2025-02-04 16:00:00+00:00,9.979971751412432
24446,2025-02-04 17:00:00+00:00,10.21676510871426
24447,2025-02-04 13:00:00+00:00,5.683242093642445
24447,2025-02-04 14:00:00+00:00,5.087183134022214
24447,2025-02-04 15:00:00+00:00,4.976545448932223
24447,2025-02-04 16:00:00+00:00,4.891412649640422
24447,2025-02-04 17:00:00+00:00,4.486239694164644
24448,2025-02-04 13:00:00+00:00,3.467335216572505
24448,2025-02-04 14:00:00+00:00,3.9348003117085524
24448,2025-02-04 15:00:00+00:00,3.7828927203065135
24448,2025-02-04 16:00:00+00:00,3.2604690142973434
24448,2025-02-04 17:00:00+00:00,2.760778942122371
24449,2025-02-04 13:00:00+00:00,3.2793295019157087
24449,2025-02-04 14:00:00+00:00,3.605940170940171
24449,2025-02-04 15:00:00+00:00,3.9768243442381372
24449,2025-02-04 16:00:00+00:00,3.877274508109354
24449,2025-02-04 17:00:00+00:00,3.91054143126177
24450,2025-02-04 13:00:00+00:00,4.053122022820427
24450,2025-02-04 14:00:00+00:00,3.5498081153365297
24450,2025-02-04 15:00:00+00:00,3.430348399246704
24450,2025-02-04 16:00:00+00:00,3.193492981430783
24450,2025-02-04 17:00:00+00:00,2.954871642382793
24451,2025-02-04 13:00:00+00:00,3.822750595174644
24451,2025-02-04 14:00:00+00:00,4.1494363652338
24451,2025-02-04 15:00:00+00:00,4.1875128787147045
24451,2025-02-04 16:00:00+00:00,4.064357483106237
24451,2025-02-04 17:00:00+00:00,4.179411764705883
24452,2025-02-04 13:00:00+00:00,0.6035632183908044
24452,2025-02-04 14:00:00+00:00,0.46789531787778316
24452,2025-02-04 15:00:00+00:00,0.47205736611396976
24452,2025-02-04 16:00:00+00:00,0.3857909604519758
24452,2025-02-04 17:00:00+00:00,0.24791902071563054
24453,2025-02-04 13:00:00+00:00,1.8311222772941065
24453,2025-02-04 14:00:00+00:00,2.0706589712217007
24453,2025-02-04 15:00:00+00:00,2.2783757318486155
24453,2025-02-04 16:00:00+00:00,2.4511438586193264
24453,2025-02-04 17:00:00+00:00,2.789825800376648
24454,2025-02-04 13:00:00+00:00,4.829485428174099
24454,2025-02-04 14:00:00+00:00,4.692165404040404
24454,2025-02-04 15:00:00+00:00,5.38340056827568
24454,2025-02-04 16:00:00+00:00,5.547218591526014
24454,2025-02-04 17:00:00+00:00,5.508388602309015
24455,2025-02-04 13:00:00+00:00,8.518571953466608
24455,2025-02-04 14:00:00+00:00,8.768333333333334
24455,2025-02-04 15:00:00+00:00,8.659858757062148
24455,2025-02-04 16:00:00+00:00,8.23338164922355
24455,2025-02-04 17:00:00+00:00,8.132003827348953
24456,2025-02-04 13:00:00+00:00,6.6837341942426685
24456,2025-02-04 14:00:00+00:00,6.2890716374269005
24456,2025-02-04 15:00:00+00:00,5.498944497421227
24456,2025-02-04 16:00:00+00:00,4.760145502645503
24456,2025-02-04 17:00:00+00:00,4.46321630347054
24457,2025-02-04 13:00:00+00:00,5.954845119812974
24457,2025-02-04 14:00:00+00:00,4.66358371581329
24457,2025-02-04 15:00:00+00:00,3.937306172863711
24457,2025-02-04 16:00:00+00:00,3.4814967991769796
24457,2025-02-04 17:00:00+00:00,3.4699485244454324
24458,2025-02-04 13:00:00+00:00,6.476031699646544
24458,2025-02-04 14:00:00+00:00,6.156691209195593
24458,2025-02-04 15:00:00+00:00,6.208207070707071
24458,2025-02-04 16:00:00+00:00,5.688813110931755
24458,2025-02-04 17:00:00+00:00,5.452481167608287
24459,2025-02-04 13:00:00+00:00,0.91967074851999
24459,2025-02-04 14:00:00+00:00,0.9728968253968242
24459,2025-02-04 15:00:00+00:00,0.9328927203065129
24459,2025-02-04 16:00:00+00:00,0.8485875706214685
24459,2025-02-04 17:00:00+00:00,0.708333333333333
24460,2025-02-04 13:00:00+00:00,11.402540886113588
24460,2025-02-04 14:00:00+00:00,11.868805795287242
24460,2025-02-04 15:00:00+00:00,12.116424590734933
24460,2025-02-04 16:00:00+00:00,10.820726389208442
24460,2025-02-04 17:00:00+00:00,9.508182004966935
24461,2025-02-04 13:00:00+00:00,4.895611557141441
24461,2025-02-04 14:00:00+00:00,4.747733417000026
24461,2025-02-04 15:00:00+00:00,4.621049093013411
24461,2025-02-04 16:00:00+00:00,4.456111111111111
24461,2025-02-04 17:00:00+00:00,4.605809792843691
24462,2025-02-04 13:00:00+00:00,0.45608286252353825
24462,2025-02-04 14:00:00+00:00,0.8833804143126169
24462,2025-02-04 15:00:00+00:00,1.211209150326797
24462,2025-02-04 16:00:00+00:00,1.4378664799253027
24462,2025-02-04 17:00:00+00:00,1.7982142857142853
24463,2025-02-04 13:00:00+00:00,11.907574656981438
24463,2025-02-04 14:00:00+00:00,11.546177520071367
24463,2025-02-04 15:00:00+00:00,11.436149425287354
24463,2025-02-04 16:00:00+00:00,10.936367366155501
24463,2025-02-04 17:00:00+00:00,10.856007532956685
24464,2025-02-04 13:00:00+00:00,1.9780263926912545
24464,2025-02-04 14:00:00+00:00,2.4293511111761057
24464,2025-02-04 15:00:00+00:00,2.6882312419466743
24464,2025-02-04 16:00:00+00:00,2.5497740112994345
24464,2025-02-04 17:00:00+00:00,2.7904690346083787
24465,2025-02-04 13:00:00+00:00,7.81930790960452
24465,2025-02-04 14:00:00+00:00,7.668420166430102
24465,2025-02-04 15:00:00+00:00,7.271744503552681
24465,2025-02-04 16:00:00+00:00,6.004276937174852
24465,2025-02-04 17:00:00+00:00,5.118458477613753
24466,2025-02-04 13:00:00+00:00,0.9937920365886468
24466,2025-02-04 14:00:00+00:00,1.0095010843432828
24466,2025-02-04 15:00:00+00:00,0.9836647173489266
24466,2025-02-04 16:00:00+00:00,0.9013788001076133
24466,2025-02-04 17:00:00+00:00,0.8947293447293427
24467,2025-02-04 13:00:00+00:00,0.117991872336205
24467,2025-02-04 14:00:00+00:00,0.1822222222222214
24467,2025-02-04 15:00:00+00:00,0.19109883168328334
24467,2025-02-04 16:00:00+00:00,0.26652517724632574
24467,2025-02-04 17:00:00+00:00,0.26945912805588534
24468,2025-02-04 13:00:00+00:00,0.06345679012345506
24468,2025-02-04 14:00:00+00:00,0.08734308144107228
24468,2025-02-04 15:00:00+00:00,0.08570361711799368
24468,2025-02-04 16:00:00+00:00,0.12666666666666515
24468,2025-02-04 17:00:00+00:00,0.10888888888888726
24469,2025-02-04 13:00:00+00:00,4.5310626577308115
24469,2025-02-04 14:00:00+00:00,3.6501766709237975
24469,2025-02-04 15:00:00+00:00,2.7413643021552625
24469,2025-02-04 16:00:00+00:00,2.654115290839429
24469,2025-02-04 17:00:00+00:00,2.72409604519774
24470,2025-02-04 13:00:00+00:00,4.829485428174099
24470,2025-02-04 14:00:00+00:00,4.692165404040404
24470,2025-02-04 15:00:00+00:00,5.38340056827568
24470,2025-02-04 16:00:00+00:00,5.547218591526014
24470,2025-02-04 17:00:00+00:00,5.508388602309015
24471,2025-02-04 13:00:00+00:00,2.4111771099285324
24471,2025-02-04 14:00:00+00:00,2.050693134550775
24471,2025-02-04 15:00:00+00:00,1.6362449791263356
24471,2025-02-04 16:00:00+00:00,1.9426555909400474
24471,2025-02-04 17:00:00+00:00,2.2029123536369104
24472,2025-02-04 13:00:00+00:00,4.824651780967571
24472,2025-02-04 14:00:00+00:00,4.783475432288991
24472,2025-02-04 15:00:00+00:00,5.049759639211022
24472,2025-02-04 16:00:00+00:00,4.959025851737716
24472,2025-02-04 17:00:00+00:00,4.657900188323917
24473,2025-02-04 13:00:00+00:00,8.867866559053
24473,2025-02-04 14:00:00+00:00,8.76949152542373
24473,2025-02-04 15:00:00+00:00,8.436666666666667
24473,2025-02-04 16:00:00+00:00,8.330838041431264
24473,2025-02-04 17:00:00+00:00,8.318888888888889
24474,2025-02-04 13:00:00+00:00,1.0308555286521393
24474,2025-02-04 14:00:00+00:00,1.0750094161958557
24474,2025-02-04 15:00:00+00:00,1.1481638418079094
24474,2025-02-04 16:00:00+00:00,1.0594152046783623
24474,2025-02-04 17:00:00+00:00,0.9699999999999989
24475,2025-02-04 13:00:00+00:00,2.0630075602995404
24475,2025-02-04 14:00:00+00:00,2.2912602834770537
24475,2025-02-04 15:00:00+00:00,2.615544652591932
24475,2025-02-04 16:00:00+00:00,2.7266666666666666
24475,2025-02-04 17:00:00+00:00,2.8326819923371644
24476,2025-02-04 13:00:00+00:00,14.838502824858757
24476,2025-02-04 14:00:00+00:00,14.910886048593746
24476,2025-02-04 15:00:00+00:00,15.151167608286253
24476,2025-02-04 16:00:00+00:00,15.034511283998643
24476,2025-02-04 17:00:00+00:00,14.891892655367233
24478,2025-02-04 13:00:00+00:00,3.0934750401231987
24478,2025-02-04 14:00:00+00:00,3.0919882320744385
24478,2025-02-04 15:00:00+00:00,2.6533692247748357
24478,2025-02-04 16:00:00+00:00,2.662312038244241
24478,2025-02-04 17:00:00+00:00,2.305395480225988
24479,2025-02-04 13:00:00+00:00,3.3673352165725046
24479,2025-02-04 14:00:00+00:00,3.884244756152997
24479,2025-02-04 15:00:00+00:00,3.697892720306513
24479,2025-02-04 16:00:00+00:00,3.196111111111111
24479,2025-02-04 17:00:00+00:00,2.935552953421806
24481,2025-02-04 13:00:00+00:00,0.7981919802645345
24481,2025-02-04 14:00:00+00:00,0.9982895405494272
24481,2025-02-04 15:00:00+00:00,1.287062146892655
24481,2025-02-04 16:00:00+00:00,1.2597743359958438
24481,2025-02-04 17:00:00+00:00,1.3764619780505218
24482,2025-02-04 13:00:00+00:00,1.0502999730965836
24482,2025-02-04 14:00:00+00:00,1.133898305084744
24482,2025-02-04 15:00:00+00:00,1.1776082862523531
24482,2025-02-04 16:00:00+00:00,1.129415204678362
24482,2025-02-04 17:00:00+00:00,1.0544444444444432
26209,2025-02-04 13:00:00+00:00,13.23716572504708
26209,2025-02-04 14:00:00+00:00,13.064257419312943
26209,2025-02-04 15:00:00+00:00,13.42268361581921
26209,2025-02-04 16:00:00+00:00,13.451436781609196
26209,2025-02-04 17:00:00+00:00,13.815000000000001
26224,2025-02-04 13:00:00+00:00,10.071326801853118
26224,2025-02-04 14:00:00+00:00,10.490796141612378
26224,2025-02-04 15:00:00+00:00,11.030792409097494
26224,2025-02-04 16:00:00+00:00,11.182873230779595
26224,2025-02-04 17:00:00+00:00,11.610849140144873
26653,2025-02-04 13:00:00+00:00,4.928502824858757
26653,2025-02-04 14:00:00+00:00,4.857023305084746
26653,2025-02-04 15:00:00+00:00,4.824482764317118
26653,2025-02-04 16:00:00+00:00,4.587514124293786
26653,2025-02-04 17:00:00+00:00,4.6232666246914205
26708,2025-02-04 13:00:00+00:00,4.334950217653052
26708,2025-02-04 14:00:00+00:00,4.041287803256896
26708,2025-02-04 15:00:00+00:00,3.81491691591891
26708,2025-02-04 16:00:00+00:00,3.7306230848312736
26708,2025-02-04 17:00:00+00:00,3.7400649768103964
26724,2025-02-04 13:00:00+00:00,1.0308555286521393
26724,2025-02-04 14:00:00+00:00,1.0750094161958557
26724,2025-02-04 15:00:00+00:00,1.1481638418079094
26724,2025-02-04 16:00:00+00:00,1.0594152046783623
26724,2025-02-04 17:00:00+00:00,0.9699999999999989
26725,2025-02-04 13:00:00+00:00,5.094300242988914
26725,2025-02-04 14:00:00+00:00,4.854956292737948
26725,2025-02-04 15:00:00+00:00,4.94838016651799
26725,2025-02-04 16:00:00+00:00,4.959994832638969
26725,2025-02-04 17:00:00+00:00,4.873486560520459
26730,2025-02-04 13:00:00+00:00,7.833851224105461
26730,2025-02-04 14:00:00+00:00,6.7283333333333335
26730,2025-02-04 15:00:00+00:00,6.2299995494643134
26730,2025-02-04 16:00:00+00:00,5.9510640301318265
26730,2025-02-04 17:00:00+00:00,5.6905540175199345
26805,2025-02-04 13:00:00+00:00,0.25668472027526335
26805,2025-02-04 14:00:00+00:00,0.4455555555555568
26805,2025-02-04 15:00:00+00:00,0.35501958587380944
26805,2025-02-04 16:00:00+00:00,0.40363019129745226
26805,2025-02-04 17:00:00+00:00,0.8328625235404887
26889,2025-02-04 13:00:00+00:00,0.9144762268619582
26889,2025-02-04 14:00:00+00:00,1.2700107865985841
26889,2025-02-04 15:00:00+00:00,2.1407035243475927
26889,2025-02-04 16:00:00+00:00,2.602618379274394
26889,2025-02-04 17:00:00+00:00,2.6082000611842235
27183,2025-02-04 13:00:00+00:00,8.092163019243674
27183,2025-02-04 14:00:00+00:00,7.952928436911488
27183,2025-02-04 15:00:00+00:00,7.906330657151354
27183,2025-02-04 16:00:00+00:00,7.699699916643512
27183,2025-02-04 17:00:00+00:00,7.357446228565765
27372,2025-02-04 13:00:00+00:00,5.474557438794727
27372,2025-02-04 14:00:00+00:00,5.0201564609458575
27372,2025-02-04 15:00:00+00:00,5.105163706025775
27372,2025-02-04 16:00:00+00:00,5.02812447786132
27372,2025-02-04 17:00:00+00:00,4.819694649975957
27373,2025-02-04 13:00:00+00:00,4.824651780967571
27373,2025-02-04 14:00:00+00:00,4.783475432288991
27373,2025-02-04 15:00:00+00:00,5.049759639211022
27373,2025-02-04 16:00:00+00:00,4.959025851737716
27373,2025-02-04 17:00:00+00:00,4.657900188323917
27374,2025-02-04 13:00:00+00:00,8.867866559053
27374,2025-02-04 14:00:00+00:00,8.76949152542373
27374,2025-02-04 15:00:00+00:00,8.436666666666667
27374,2025-02-04 16:00:00+00:00,8.330838041431264
27374,2025-02-04 17:00:00+00:00,8.318888888888889
27375,2025-02-04 13:00:00+00:00,3.2906685499058383
27375,2025-02-04 14:00:00+00:00,3.834244756152997
27375,2025-02-04 15:00:00+00:00,3.7147382946944605
27375,2025-02-04 16:00:00+00:00,3.313559322033899
27375,2025-02-04 17:00:00+00:00,2.810223386566815
27376,2025-02-04 13:00:00+00:00,5.761187739463601
27376,2025-02-04 14:00:00+00:00,5.463262711864407
27376,2025-02-04 15:00:00+00:00,5.673825850363443
27376,2025-02-04 16:00:00+00:00,5.624771578406726
27376,2025-02-04 17:00:00+00:00,5.1518785580219335
27377,2025-02-04 13:00:00+00:00,0.06345679012345506
27377,2025-02-04 14:00:00+00:00,0.08734308144107228
27377,2025-02-04 15:00:00+00:00,0.08570361711799368
27377,2025-02-04 16:00:00+00:00,0.12666666666666515
27377,2025-02-04 17:00:00+00:00,0.10888888888888726
27378,2025-02-04 13:00:00+00:00,0.06345679012345506
27378,2025-02-04 14:00:00+00:00,0.08734308144107228
27378,2025-02-04 15:00:00+00:00,0.08570361711799368
27378,2025-02-04 16:00:00+00:00,0.12666666666666515
27378,2025-02-04 17:00:00+00:00,0.10888888888888726
27379,2025-02-04 13:00:00+00:00,0.06345679012345506
27379,2025-02-04 14:00:00+00:00,0.08734308144107228
27379,2025-02-04 15:00:00+00:00,0.08570361711799368
27379,2025-02-04 16:00:00+00:00,0.12666666666666515
27379,2025-02-04 17:00:00+00:00,0.10888888888888726
27380,2025-02-04 13:00:00+00:00,1.7173570476071394
27380,2025-02-04 14:00:00+00:00,1.80854875683496
27380,2025-02-04 15:00:00+00:00,2.1483556275389115
27380,2025-02-04 16:00:00+00:00,2.390439852009826
27380,2025-02-04 17:00:00+00:00,2.230222010335835
27381,2025-02-04 13:00:00+00:00,11.907574656981438
27381,2025-02-04 14:00:00+00:00,11.546177520071367
27381,2025-02-04 15:00:00+00:00,11.436149425287354
27381,2025-02-04 16:00:00+00:00,10.936367366155501
27381,2025-02-04 17:00:00+00:00,10.856007532956685
27382,2025-02-04 13:00:00+00:00,11.054696357589863
27382,2025-02-04 14:00:00+00:00,10.988942818010614
27382,2025-02-04 15:00:00+00:00,11.19613843351548
27382,2025-02-04 16:00:00+00:00,11.179488957370314
27382,2025-02-04 17:00:00+00:00,11.594077708395282
27440,2025-02-04 13:00:00+00:00,1.0308555286521393
27440,2025-02-04 14:00:00+00:00,1.0750094161958557
27440,2025-02-04 15:00:00+00:00,1.1481638418079094
27440,2025-02-04 16:00:00+00:00,1.0594152046783623
27440,2025-02-04 17:00:00+00:00,0.9699999999999989
27441,2025-02-04 13:00:00+00:00,4.824651780967571
27441,2025-02-04 14:00:00+00:00,4.783475432288991
27441,2025-02-04 15:00:00+00:00,5.049759639211022
27441,2025-02-04 16:00:00+00:00,4.959025851737716
27441,2025-02-04 17:00:00+00:00,4.657900188323917
27442,2025-02-04 13:00:00+00:00,6.45565333977666
27442,2025-02-04 14:00:00+00:00,6.209714421381088
27442,2025-02-04 15:00:00+00:00,6.066639274096902
27442,2025-02-04 16:00:00+00:00,5.671123052452223
27442,2025-02-04 17:00:00+00:00,5.2816807909604515
27443,2025-02-04 13:00:00+00:00,6.45565333977666
27443,2025-02-04 14:00:00+00:00,6.209714421381088
27443,2025-02-04 15:00:00+00:00,6.066639274096902
27443,2025-02-04 16:00:00+00:00,5.671123052452223
27443,2025-02-04 17:00:00+00:00,5.2816807909604515
27444,2025-02-04 13:00:00+00:00,3.2906685499058383
27444,2025-02-04 14:00:00+00:00,3.834244756152997
27444,2025-02-04 15:00:00+00:00,3.7147382946944605
27444,2025-02-04 16:00:00+00:00,3.313559322033899
27444,2025-02-04 17:00:00+00:00,2.810223386566815
27445,2025-02-04 13:00:00+00:00,2.0630075602995404
27445,2025-02-04 14:00:00+00:00,2.2912602834770537
27445,2025-02-04 15:00:00+00:00,2.615544652591932
27445,2025-02-04 16:00:00+00:00,2.7266666666666666
27445,2025-02-04 17:00:00+00:00,2.8326819923371644
27446,2025-02-04 13:00:00+00:00,2.0630075602995404
27446,2025-02-04 14:00:00+00:00,2.2912602834770537
27446,2025-02-04 15:00:00+00:00,2.615544652591932
27446,2025-02-04 16:00:00+00:00,2.7266666666666666
27446,2025-02-04 17:00:00+00:00,2.8326819923371644
27447,2025-02-04 13:00:00+00:00,0.06345679012345506
27447,2025-02-04 14:00:00+00:00,0.08734308144107228
27447,2025-02-04 15:00:00+00:00,0.08570361711799368
27447,2025-02-04 16:00:00+00:00,0.12666666666666515
27447,2025-02-04 17:00:00+00:00,0.10888888888888726
27448,2025-02-04 13:00:00+00:00,10.768605045675734
27448,2025-02-04 14:00:00+00:00,10.84819893853792
27448,2025-02-04 15:00:00+00:00,11.11703096539162
27448,2025-02-04 16:00:00+00:00,10.98716572504708
27448,2025-02-04 17:00:00+00:00,11.252411041728614
27449,2025-02-04 13:00:00+00:00,6.468054469720162
27449,2025-02-04 14:00:00+00:00,6.1473697886127265
27449,2025-02-04 15:00:00+00:00,5.99949368022717
27449,2025-02-04 16:00:00+00:00,5.604271200600371
27449,2025-02-04 17:00:00+00:00,5.220291902071563
27450,2025-02-04 13:00:00+00:00,5.474557438794727
27450,2025-02-04 14:00:00+00:00,5.0201564609458575
27450,2025-02-04 15:00:00+00:00,5.105163706025775
27450,2025-02-04 16:00:00+00:00,5.02812447786132
27450,2025-02-04 17:00:00+00:00,4.819694649975957
27451,2025-02-04 13:00:00+00:00,5.648446327683615
27451,2025-02-04 14:00:00+00:00,5.312656460945858
27451,2025-02-04 15:00:00+00:00,5.279569836293974
27451,2025-02-04 16:00:00+00:00,5.285438596491228
27451,2025-02-04 17:00:00+00:00,4.874982006297796
27452,2025-02-04 13:00:00+00:00,4.114830508474576
27452,2025-02-04 14:00:00+00:00,3.6889944152217673
27452,2025-02-04 15:00:00+00:00,3.339424266881894
27452,2025-02-04 16:00:00+00:00,3.315553783152602
27452,2025-02-04 17:00:00+00:00,3.1289663424096963
27567,2025-02-04 13:00:00+00:00,9.858217050072536
27567,2025-02-04 14:00:00+00:00,10.133385595473019
27567,2025-02-04 15:00:00+00:00,10.811903520208604
27567,2025-02-04 16:00:00+00:00,10.990305177364082
27567,2025-02-04 17:00:00+00:00,11.384182473478209
27717,2025-02-04 13:00:00+00:00,3.2923054494799238
27717,2025-02-04 14:00:00+00:00,3.355140321840813
27717,2025-02-04 15:00:00+00:00,3.035723273739054
27717,2025-02-04 16:00:00+00:00,3.0887997971896275
27717,2025-02-04 17:00:00+00:00,2.917454936776971
28264,2025-02-04 13:00:00+00:00,5.474557438794727
28264,2025-02-04 14:00:00+00:00,5.0201564609458575
28264,2025-02-04 15:00:00+00:00,5.105163706025775
28264,2025-02-04 16:00:00+00:00,5.02812447786132
28264,2025-02-04 17:00:00+00:00,4.819694649975957
28738,2025-02-04 13:00:00+00:00,1.8955606481623892
28738,2025-02-04 14:00:00+00:00,1.9478788779859246
28738,2025-02-04 15:00:00+00:00,2.185721438160238
28738,2025-02-04 16:00:00+00:00,2.480735525570348
28738,2025-02-04 17:00:00+00:00,2.730382976752802
28789,2025-02-04 13:00:00+00:00,5.474557438794727
28789,2025-02-04 14:00:00+00:00,5.0201564609458575
28789,2025-02-04 15:00:00+00:00,5.105163706025775
28789,2025-02-04 16:00:00+00:00,5.02812447786132
28789,2025-02-04 17:00:00+00:00,4.819694649975957
28790,2025-02-04 13:00:00+00:00,2.0381961085499882
28790,2025-02-04 14:00:00+00:00,2.5127048578000615
28790,2025-02-04 15:00:00+00:00,2.6408771929824564
28790,2025-02-04 16:00:00+00:00,2.504277114013152
28790,2025-02-04 17:00:00+00:00,2.78030193236715
28791,2025-02-04 13:00:00+00:00,8.092163019243674
28791,2025-02-04 14:00:00+00:00,7.952928436911488
28791,2025-02-04 15:00:00+00:00,7.906330657151354
28791,2025-02-04 16:00:00+00:00,7.699699916643512
28791,2025-02-04 17:00:00+00:00,7.357446228565765
28792,2025-02-04 13:00:00+00:00,1.0308555286521393
28792,2025-02-04 14:00:00+00:00,1.0750094161958557
28792,2025-02-04 15:00:00+00:00,1.1481638418079094
28792,2025-02-04 16:00:00+00:00,1.0594152046783623
28792,2025-02-04 17:00:00+00:00,0.9699999999999989
28793,2025-02-04 13:00:00+00:00,3.7245959595959595
28793,2025-02-04 14:00:00+00:00,3.7016777445441447
28793,2025-02-04 15:00:00+00:00,3.853139339292065
28793,2025-02-04 16:00:00+00:00,3.9144880708750938
28793,2025-02-04 17:00:00+00:00,4.087614379084967
28794,2025-02-04 13:00:00+00:00,4.824651780967571
28794,2025-02-04 14:00:00+00:00,4.783475432288991
28794,2025-02-04 15:00:00+00:00,5.049759639211022
28794,2025-02-04 16:00:00+00:00,4.959025851737716
28794,2025-02-04 17:00:00+00:00,4.657900188323917
28795,2025-02-04 13:00:00+00:00,5.474557438794727
28795,2025-02-04 14:00:00+00:00,5.0201564609458575
28795,2025-02-04 15:00:00+00:00,5.102941483803552
28795,2025-02-04 16:00:00+00:00,4.997013366750209
28795,2025-02-04 17:00:00+00:00,4.819694649975957
28796,2025-02-04 13:00:00+00:00,2.0630075602995404
28796,2025-02-04 14:00:00+00:00,2.2912602834770537
28796,2025-02-04 15:00:00+00:00,2.615544652591932
28796,2025-02-04 16:00:00+00:00,2.7266666666666666
28796,2025-02-04 17:00:00+00:00,2.8326819923371644
28797,2025-02-04 13:00:00+00:00,8.867866559053
28797,2025-02-04 14:00:00+00:00,8.76949152542373
28797,2025-02-04 15:00:00+00:00,8.436666666666667
28797,2025-02-04 16:00:00+00:00,8.330838041431264
28797,2025-02-04 17:00:00+00:00,8.318888888888889
28798,2025-02-04 13:00:00+00:00,4.292462335216572
28798,2025-02-04 14:00:00+00:00,4.016209631064877
28798,2025-02-04 15:00:00+00:00,3.707826520438684
28798,2025-02-04 16:00:00+00:00,3.586066154085779
28798,2025-02-04 17:00:00+00:00,3.33839831014373
28799,2025-02-04 13:00:00+00:00,0.06345679012345506
28799,2025-02-04 14:00:00+00:00,0.08734308144107228
28799,2025-02-04 15:00:00+00:00,0.08570361711799368
28799,2025-02-04 16:00:00+00:00,0.12666666666666515
28799,2025-02-04 17:00:00+00:00,0.10888888888888726
28800,2025-02-04 13:00:00+00:00,4.292462335216572
28800,2025-02-04 14:00:00+00:00,4.016209631064877
28800,2025-02-04 15:00:00+00:00,3.707826520438684
28800,2025-02-04 16:00:00+00:00,3.586066154085779
28800,2025-02-04 17:00:00+00:00,3.33839831014373
28801,2025-02-04 13:00:00+00:00,5.474557438794727
28801,2025-02-04 14:00:00+00:00,5.0201564609458575
28801,2025-02-04 15:00:00+00:00,5.105163706025775
28801,2025-02-04 16:00:00+00:00,5.02812447786132
28801,2025-02-04 17:00:00+00:00,4.819694649975957
28802,2025-02-04 13:00:00+00:00,4.824651780967571
28802,2025-02-04 14:00:00+00:00,4.783475432288991
28802,2025-02-04 15:00:00+00:00,5.049759639211022
28802,2025-02-04 16:00:00+00:00,4.959025851737716
28802,2025-02-04 17:00:00+00:00,4.657900188323917
28803,2025-02-04 13:00:00+00:00,1.0308555286521393
28803,2025-02-04 14:00:00+00:00,1.0750094161958557
28803,2025-02-04 15:00:00+00:00,1.1481638418079094
28803,2025-02-04 16:00:00+00:00,1.0594152046783623
28803,2025-02-04 17:00:00+00:00,0.9699999999999989
28804,2025-02-04 13:00:00+00:00,5.474557438794727
28804,2025-02-04 14:00:00+00:00,5.0201564609458575
28804,2025-02-04 15:00:00+00:00,5.105163706025775
28804,2025-02-04 16:00:00+00:00,5.02812447786132
28804,2025-02-04 17:00:00+00:00,4.819694649975957
28813,2025-02-04 13:00:00+00:00,8.092163019243674
28813,2025-02-04 14:00:00+00:00,7.952928436911488
28813,2025-02-04 15:00:00+00:00,7.906330657151354
28813,2025-02-04 16:00:00+00:00,7.699699916643512
28813,2025-02-04 17:00:00+00:00,7.357446228565765
28932,2025-02-04 13:00:00+00:00,9.914429171284658
28932,2025-02-04 14:00:00+00:00,9.944668750652724
28932,2025-02-04 15:00:00+00:00,10.108937418513689
28932,2025-02-04 16:00:00+00:00,10.100418171714363
28932,2025-02-04 17:00:00+00:00,10.24151084190827
29049,2025-02-04 13:00:00+00:00,0.06345679012345506
29049,2025-02-04 14:00:00+00:00,0.08734308144107228
29049,2025-02-04 15:00:00+00:00,0.08570361711799368
29049,2025-02-04 16:00:00+00:00,0.12666666666666515
29049,2025-02-04 17:00:00+00:00,0.10888888888888726
29109,2025-02-04 13:00:00+00:00,1.0843437296946061
29109,2025-02-04 14:00:00+00:00,1.1470527306967981
29109,2025-02-04 15:00:00+00:00,1.2970903954802262
29109,2025-02-04 16:00:00+00:00,1.2454496874369827
29109,2025-02-04 17:00:00+00:00,1.1349999999999998
29112,2025-02-04 13:00:00+00:00,5.474557438794727
29112,2025-02-04 14:00:00+00:00,5.0201564609458575
29112,2025-02-04 15:00:00+00:00,5.105163706025775
29112,2025-02-04 16:00:00+00:00,5.02812447786132
29112,2025-02-04 17:00:00+00:00,4.819694649975957
29200,2025-02-04 13:00:00+00:00,2.7042646774255976
29200,2025-02-04 14:00:00+00:00,2.4260708321053146
29200,2025-02-04 15:00:00+00:00,2.0255909474641207
29200,2025-02-04 16:00:00+00:00,1.5674074074074067
29200,2025-02-04 17:00:00+00:00,1.2529661016949145
29253,2025-02-04 13:00:00+00:00,4.292462335216572
29253,2025-02-04 14:00:00+00:00,4.016209631064877
29253,2025-02-04 15:00:00+00:00,3.707826520438684
29253,2025-02-04 16:00:00+00:00,3.586066154085779
29253,2025-02-04 17:00:00+00:00,3.33839831014373
29345,2025-02-04 13:00:00+00:00,0.948090785115915
29345,2025-02-04 14:00:00+00:00,0.8092843923074762
29345,2025-02-04 15:00:00+00:00,0.6828203490847162
29345,2025-02-04 16:00:00+00:00,0.5753508771929816
29345,2025-02-04 17:00:00+00:00,0.5627012576574222
29346,2025-02-04 13:00:00+00:00,4.9062146892655365
29346,2025-02-04 14:00:00+00:00,4.812686183872624
29346,2025-02-04 15:00:00+00:00,4.718769947467539
29346,2025-02-04 16:00:00+00:00,4.459416386083053
29346,2025-02-04 17:00:00+00:00,4.425463961650403
29347,2025-02-04 13:00:00+00:00,1.0308555286521393
29347,2025-02-04 14:00:00+00:00,1.0750094161958557
29347,2025-02-04 15:00:00+00:00,1.1481638418079094
29347,2025-02-04 16:00:00+00:00,1.0594152046783623
29347,2025-02-04 17:00:00+00:00,0.9699999999999989
29663,2025-02-04 13:00:00+00:00,0.14229755178907588
29663,2025-02-04 14:00:00+00:00,0.24237288135593094
29663,2025-02-04 15:00:00+00:00,0.3604074393634349
29663,2025-02-04 16:00:00+00:00,0.6696516007532942
29663,2025-02-04 17:00:00+00:00,0.7398809523809513
29946,2025-02-04 13:00:00+00:00,1.206042248857973
29946,2025-02-04 14:00:00+00:00,1.7575514643808035
29946,2025-02-04 15:00:00+00:00,2.2404899006405334
29946,2025-02-04 16:00:00+00:00,2.270619293799345
29946,2025-02-04 17:00:00+00:00,2.517953609423199
29963,2025-02-04 13:00:00+00:00,4.740964587584293
29963,2025-02-04 14:00:00+00:00,4.725908094098884
29963,2025-02-04 15:00:00+00:00,5.216705653021442
29963,2025-02-04 16:00:00+00:00,5.3834132086499125
29963,2025-02-04 17:00:00+00:00,5.557277491197904
29964,2025-02-04 13:00:00+00:00,10.071326801853118
29964,2025-02-04 14:00:00+00:00,10.490796141612378
29964,2025-02-04 15:00:00+00:00,11.030792409097494
29964,2025-02-04 16:00:00+00:00,11.182873230779595
29964,2025-02-04 17:00:00+00:00,11.610849140144873
29965,2025-02-04 13:00:00+00:00,0.16731643924626205
29965,2025-02-04 14:00:00+00:00,0.580552957984283
29965,2025-02-04 15:00:00+00:00,0.7405555555555541
29965,2025-02-04 16:00:00+00:00,0.7377908155874238
29965,2025-02-04 17:00:00+00:00,0.6456403013182657
30022,2025-02-04 13:00:00+00:00,0.42145951035781426
30022,2025-02-04 14:00:00+00:00,0.897222222222223
30022,2025-02-04 15:00:00+00:00,0.8878758169934624
30022,2025-02-04 16:00:00+00:00,1.0806442577030801
30022,2025-02-04 17:00:00+00:00,1.5748809523809513
30024,2025-02-04 13:00:00+00:00,2.1649028807547253
30024,2025-02-04 14:00:00+00:00,2.3561899098027546
30024,2025-02-04 15:00:00+00:00,2.885450353919086
30024,2025-02-04 16:00:00+00:00,3.1876657575167218
30024,2025-02-04 17:00:00+00:00,2.8544850421413352
30025,2025-02-04 13:00:00+00:00,10.759312617702447
30025,2025-02-04 14:00:00+00:00,10.735158002865404
30025,2025-02-04 15:00:00+00:00,11.073360655737702
30025,2025-02-04 16:00:00+00:00,11.039510357815441
30025,2025-02-04 17:00:00+00:00,10.946299930617503
30026,2025-02-04 13:00:00+00:00,2.0011493249242567
30026,2025-02-04 14:00:00+00:00,2.4054826355778394
30026,2025-02-04 15:00:00+00:00,2.5230994152046784
30026,2025-02-04 16:00:00+00:00,2.4437215584575958
30026,2025-02-04 17:00:00+00:00,2.6886446818963403
30027,2025-02-04 13:00:00+00:00,8.867866559053
30027,2025-02-04 14:00:00+00:00,8.76949152542373
30027,2025-02-04 15:00:00+00:00,8.436666666666667
30027,2025-02-04 16:00:00+00:00,8.330838041431264
30027,2025-02-04 17:00:00+00:00,8.318888888888889
30120,2025-02-04 13:00:00+00:00,1.0308555286521393
30120,2025-02-04 14:00:00+00:00,1.0750094161958557
30120,2025-02-04 15:00:00+00:00,1.1481638418079094
30120,2025-02-04 16:00:00+00:00,1.0594152046783623
30120,2025-02-04 17:00:00+00:00,0.9699999999999989
30121,2025-02-04 13:00:00+00:00,4.292462335216572
30121,2025-02-04 14:00:00+00:00,4.016209631064877
30121,2025-02-04 15:00:00+00:00,3.707826520438684
30121,2025-02-04 16:00:00+00:00,3.586066154085779
30121,2025-02-04 17:00:00+00:00,3.33839831014373
30145,2025-02-04 13:00:00+00:00,0.6582817758019202
30145,2025-02-04 14:00:00+00:00,0.8324947572515935
30145,2025-02-04 15:00:00+00:00,0.8681534332729113
30145,2025-02-04 16:00:00+00:00,1.2117086336775125
30145,2025-02-04 17:00:00+00:00,1.4938284953568406
30146,2025-02-04 13:00:00+00:00,1.3972247268849025
30146,2025-02-04 14:00:00+00:00,0.9011907428860519
30146,2025-02-04 15:00:00+00:00,1.0152406273243764
30146,2025-02-04 16:00:00+00:00,0.9532015065913368
30146,2025-02-04 17:00:00+00:00,0.9517628189720524
30147,2025-02-04 13:00:00+00:00,0.9399031476997575
30147,2025-02-04 14:00:00+00:00,0.886120527306967
30147,2025-02-04 15:00:00+00:00,0.9426082862523524
30147,2025-02-04 16:00:00+00:00,0.8688596491228076
30147,2025-02-04 17:00:00+00:00,0.8311111111111105
30151,2025-02-04 13:00:00+00:00,6.555077653043755
30151,2025-02-04 14:00:00+00:00,6.305269976936644
30151,2025-02-04 15:00:00+00:00,6.187929292929293
30151,2025-02-04 16:00:00+00:00,5.791493422822594
30151,2025-02-04 17:00:00+00:00,5.5380696798493405
30207,2025-02-04 13:00:00+00:00,4.291398305084746
30207,2025-02-04 14:00:00+00:00,4.072398914368007
30207,2025-02-04 15:00:00+00:00,3.773344411210812
30207,2025-02-04 16:00:00+00:00,3.708075192110967
30207,2025-02-04 17:00:00+00:00,3.6467316434770627
30434,2025-02-04 13:00:00+00:00,5.474557438794727
30434,2025-02-04 14:00:00+00:00,5.0201564609458575
30434,2025-02-04 15:00:00+00:00,5.105163706025775
30434,2025-02-04 16:00:00+00:00,5.02812447786132
30434,2025-02-04 17:00:00+00:00,4.819694649975957
30515,2025-02-04 13:00:00+00:00,1.314130820338486
30515,2025-02-04 14:00:00+00:00,0.9290397558201109
30515,2025-02-04 15:00:00+00:00,1.3110163020009424
30515,2025-02-04 16:00:00+00:00,1.2849614888767515
30515,2025-02-04 17:00:00+00:00,1.2195420755278015
